SITE,UNIQUE_CUSTOMER_ID,MEMBER_SEGMENT,GIVEN_GENDER,AGE_RANGE,INCOME_RANGE,TENURE_DAYS,DAYS_SINCE_LAST_VISIT,DAYS_SINCE_FIRST_PURCHASE,DAYS_SINCE_LAST_PURCHASE,LTV_VISITS,LTV_ORDERS,LTV_DOLLARS,AVERAGE_ORDER_VALUE,DOLLARS_SAVED,PERCENT_DOLLARS_SAVED
Gilt,78878158,B-BARGAINSHOPPER,M,35 - 44,$40 - $49 K,1242,67,1242,93,77,5,569.94,113.99,1906.06,0.7698
Gilt,55676506,B-BUYER,F,55 - 64,$40 - $49 K,4238,0,3139,102,544,10,760.94,84.55,875.05,0.5349
Gilt,31872504,B-BUYER,F,35 - 44,$50 - $74 K,5133,1,4305,28,400,124,17746.87,155.67,24298.09,0.5779
Gilt,27382129,B-BUYER,F,55 - 64,$125+ K,4300,248,248,248,6,1,52,52,246,0.8255
Gilt,92301629,B-BUYER,F,55 - 64,$20 - $29 K,58,3,54,3,32,13,2899.91,223.07,5027.33,0.6342
Gilt,29845141,B-BUYER,F,65 - 74,$20 - $29 K,4889,3,3323,24,685,55,5896.12,115.61,13968.6,0.7032
Gilt,56497819,B-BUYER,F,55 - 64,$30 - $39 K,3334,2,3330,59,726,74,4718.49,69.39,9565.35,0.6697
Gilt,61052377,B-BIGSPENDER,F,55 - 64,$100 - $124 K,5071,1,5069,32,574,406,87245.06,281.44,158486.74,0.645
Gilt,80823476,B-BIGSPENDER,M,65 - 74,$125+ K,1085,4,1063,5,181,45,9434.57,262.07,15062.82,0.6149
Gilt,91657118,B-BUYER,F,45 - 54,$40 - $49 K,156,148,156,156,3,2,299.97,299.97,522.03,0.6351
Gilt,29987302,B-BUYER,F,55 - 64,$125+ K,5304,12,5285,21,50,56,5695.97,111.69,12597.49,0.6886
Gilt,90258895,B-BUYER,F,55 - 64,$50 - $74 K,345,345,345,345,1,1,81.98,81.98,33.02,0.2871
Gilt,40250917,B-BIGSPENDER,F,45 - 54,$50 - $74 K,3628,1,3611,306,434,10,2925.39,325.04,1883.58,0.3917
Gilt,88894835,B-BUYER,F,25 - 34,Under $15 K,506,167,506,280,14,3,142.97,47.66,194.98,0.5769
Gilt,31108246,B-BUYER,F,35 - 44,$50 - $74 K,4252,36,131,131,18,1,469.99,469.99,105.01,0.1826
Gilt,30549996,B-BUYER,F,35 - 44,$75 - $99 K,2870,0,8,8,7,1,95.99,95.99,79.01,0.4515
Gilt,90390927,B-BUYER,F,18 - 24,$125+ K,327,67,326,326,8,1,59.99,59.99,135.01,0.6924
Gilt,33091042,B-BUYER,F,55 - 64,$125+ K,4050,5,3518,170,1099,20,3443.91,181.26,5855.09,0.6296
Gilt,70761885,B-BUYER,F,35 - 44,$50 - $74 K,1781,102,741,325,20,3,439.94,219.97,140.06,0.2415
Gilt,91153402,B-BUYER,M,18 - 24,$40 - $49 K,206,14,193,192,38,2,157.98,78.99,661.02,0.8071
Gilt,46174457,B-BUYER,F,35 - 44,$100 - $124 K,5304,10,5227,272,65,75,4789.81,73.69,7580.31,0.6128
Gilt,32083283,B-BUYER,F,45 - 54,$125+ K,2812,178,2037,312,82,3,191,63.67,1602,0.8935
Gilt,70279765,B-BUYER,F,25 - 34,$75 - $99 K,1807,101,1775,270,201,12,1109.78,100.89,1518.16,0.5777
Gilt,79769975,B-BUYER,M,45 - 54,$125+ K,1172,3,1172,109,266,37,3258.64,88.07,3004.63,0.4797
Gilt,89938792,B-BUYER,F,45 - 54,$50 - $74 K,391,33,390,150,65,5,763.93,190.98,14715.07,0.9506
Gilt,51573844,B-BUYER,F,25 - 34,$20 - $29 K,3747,126,182,182,5,1,99.99,99.99,265.01,0.7261
Gilt,41153120,B-BARGAINSHOPPER,M,45 - 54,$50 - $74 K,5471,1,5458,1,256,52,2599.91,50.98,34090.08,0.9291
Gilt,33779586,B-BUYER,F,55 - 64,$75 - $99 K,5826,38,5320,113,50,58,9022.98,200.51,17308.61,0.6573
Gilt,91085130,B-BUYER,F,65 - 74,$125+ K,216,193,216,216,4,1,29.99,29.99,50,0.6251
Gilt,43491499,B-BUYER,F,55 - 64,$50 - $74 K,3123,308,309,309,2,1,99.99,99.99,90.01,0.4737
Gilt,37559544,B-BIGSPENDER,F,35 - 44,$40 - $49 K,2149,8,1162,35,168,12,12682.82,1056.9,4227.18,0.25
Gilt,71061337,B-BUYER,F,35 - 44,$75 - $99 K,1755,162,1449,170,182,5,287.95,57.59,595.05,0.6739
Gilt,91982268,B-BUYER,F,35 - 44,$30 - $39 K,110,34,43,43,6,1,100,100,235,0.7015
Gilt,79642618,B-BUYER,F,55 - 64,$50 - $74 K,1183,44,1183,44,87,36,4015.52,160.62,8414.9,0.677
Gilt,35326178,B-BUYER,F,35 - 44,$40 - $49 K,5033,55,4179,267,91,12,654.95,59.54,832.05,0.5595
Gilt,73774273,B-BUYER,F,65 - 74,$125+ K,1532,264,264,264,18,1,50,50,750,0.9375
Gilt,35540039,B-BUYER,F,45 - 54,Under $15 K,5228,11,5109,103,105,19,982.99,54.61,1485.46,0.6018
Gilt,63173576,B-BUYER,F,55 - 64,$125+ K,3611,52,2929,163,12,2,155,77.5,259,0.6256
Gilt,39916099,B-BUYER,F,55 - 64,$125+ K,3392,2,3359,7,492,24,940.9,42.77,2560.03,0.7312
Gilt,27112959,B-BUYER,F,35 - 44,$75 - $99 K,3938,20,3920,114,151,101,13575.41,144.42,23692.92,0.6357
Gilt,59622908,B-BUYER,F,35 - 44,$125+ K,4158,8,3662,159,19,4,862.99,215.75,788.51,0.4775
Gilt,81336905,B-BUYER,M,65 - 74,$125+ K,1051,270,270,270,5,1,104.98,104.98,243.02,0.6983
Gilt,40738924,B-BUYER,F,35 - 44,$40 - $49 K,4386,2,2758,272,745,33,3553.98,111.06,6522.62,0.6473
Gilt,42698906,B-BUYER,F,45 - 54,$125+ K,2688,39,234,234,48,1,319.98,319.98,414.02,0.5641
Gilt,90424615,B-BUYER,F,35 - 44,$30 - $39 K,325,118,325,325,9,1,109.99,109.99,245.01,0.6902
Gilt,33522277,B-BUYER,F,55 - 64,$125+ K,4926,40,4710,119,61,81,13518.94,241.41,18213.95,0.574
Gilt,35291052,B-BUYER,M,45 - 54,$20 - $29 K,4351,11,2807,118,303,6,998.96,166.49,181.04,0.1534
Gilt,28019575,B-BUYER,F,55 - 64,$125+ K,4840,0,4277,78,165,2,153.98,76.99,110.02,0.4167
Gilt,39105660,B-BUYER,M,35 - 44,$125+ K,4814,5,4366,329,365,7,998.95,142.71,1219.05,0.5496
Gilt,27931727,B-BUYER,F,55 - 64,$125+ K,4325,1,3601,150,379,20,2314.58,165.33,3844.88,0.6242
Gilt,49117533,B-BUYER,F,55 - 64,$30 - $39 K,5312,18,517,18,64,2,1151.99,576,298.01,0.2055
Gilt,30406898,B-BIGSPENDER,M,45 - 54,$50 - $74 K,3155,8,3104,35,564,146,43492.71,332.01,45339.08,0.5104
Gilt,85262887,B-BUYER,F,45 - 54,$20 - $29 K,780,258,258,258,2,1,35.99,35.99,4264.01,0.9916
Gilt,73329160,B-BUYER,F,65 - 74,$125+ K,1576,30,1209,48,264,9,751.87,83.54,1751.12,0.6996
Gilt,33062960,B-BUYER,F,65 - 74,$125+ K,4096,2,3425,217,272,15,1197.98,79.87,3282.01,0.7326
Gilt,33545852,B-BUYER,M,75 +,$75 - $99 K,4869,4,4816,119,581,13,2677.82,223.15,1526.12,0.363
Gilt,56360592,B-BIGSPENDER,F,55 - 64,$125+ K,4689,1,4656,1,1196,165,39628.3,267.76,49923.66,0.5575
Gilt,40344586,B-BUYER,F,45 - 54,$100 - $124 K,4242,180,4177,316,34,5,535.98,107.2,1315.02,0.7104
Gilt,57528533,B-BIGSPENDER,F,45 - 54,$125+ K,2103,2,2103,2,435,39,8484.96,273.71,11275.53,0.5706
Gilt,69777471,B-BUYER,F,35 - 44,$125+ K,1849,0,1416,38,709,35,5386.66,153.9,8787.82,0.62
Gilt,46348383,B-RETURNER,F,55 - 64,$125+ K,5481,84,5242,311,38,14,2440.99,203.42,3927,0.6167
Gilt,90555430,B-BUYER,F,25 - 34,$15 - $19 K,308,292,308,308,5,1,699,699,401,0.3645
Gilt,65852925,B-BUYER,F,55 - 64,$125+ K,3470,0,3315,270,279,21,3780.74,189.04,3658.19,0.4918
Gilt,91698339,B-BUYER,M,35 - 44,$125+ K,154,60,107,107,7,1,111.97,111.97,646.78,0.8524
Gilt,91769948,B-BUYER,F,45 - 54,$15 - $19 K,144,144,144,144,1,1,130.98,130.98,49,0.2723
Gilt,81495110,B-BUYER,F,55 - 64,$125+ K,1038,17,207,143,73,4,392.96,98.24,1114.04,0.7392
Gilt,53018158,B-BUYER,F,35 - 44,$20 - $29 K,5026,23,4712,59,304,71,7763.91,119.44,6153.54,0.4421
Gilt,79248064,B-BUYER,F,45 - 54,$20 - $29 K,1214,294,325,325,74,1,102.98,102.98,207.02,0.6678
Gilt,61036533,B-BUYER,F,65 - 74,$125+ K,5099,5,5093,19,118,90,17365.84,204.3,20341.99,0.5395
Gilt,45746439,B-BUYER,F,55 - 64,$125+ K,4339,43,4115,152,48,8,1045.97,130.75,710.03,0.4043
Gilt,38407997,B-BIGSPENDER,F,45 - 54,$50 - $74 K,3626,0,3611,97,423,48,21271.05,494.68,17857.15,0.4564
Gilt,31098251,B-BUYER,F,65 - 74,$75 - $99 K,4267,1,925,240,108,12,2672.03,242.91,2416.85,0.4749
Gilt,65481798,B-RETURNER,F,35 - 44,$30 - $39 K,3080,1,2722,128,485,20,5906.85,454.37,2396.4,0.2886
Gilt,76932170,B-BUYER,M,35 - 44,$75 - $99 K,1345,2,1293,339,97,2,455.95,227.98,837.55,0.6475
Gilt,68425278,B-BUYER,M,65 - 74,$50 - $74 K,5078,6,3539,278,353,11,631.93,63.19,1740.07,0.7336
Gilt,59718887,B-BIGSPENDER,F,45 - 54,$50 - $74 K,4074,2,3797,13,869,50,16724.42,363.57,14757.45,0.4688
Gilt,74241217,B-BARGAINSHOPPER,F,45 - 54,$125+ K,1500,0,1231,32,1121,30,2524.05,93.48,9472.56,0.7896
Gilt,90138658,B-BUYER,M,55 - 64,$100 - $124 K,363,281,361,361,11,1,59.99,59.99,1035.01,0.9452
Gilt,29177240,B-BUYER,F,25 - 34,$125+ K,3629,47,1849,115,361,16,1558.87,119.91,1315.03,0.4576
Gilt,38622129,B-BUYER,F,35 - 44,$125+ K,4057,1,3595,32,148,28,3426.87,148.99,5587.63,0.6198
Gilt,29277884,B-BUYER,F,55 - 64,$40 - $49 K,4242,3,3223,103,137,9,694.92,86.87,1315.07,0.6543
Gilt,91716007,B-BUYER,M,75 +,$125+ K,152,109,152,109,14,10,723.91,120.65,1099.59,0.603
Gilt,56348607,B-BUYER,M,45 - 54,$20 - $29 K,4702,80,4667,90,57,17,1397.94,82.23,1617.41,0.5364
Gilt,35561108,B-BUYER,F,25 - 34,$20 - $29 K,5139,8,5130,43,413,277,23618.33,126.3,39811.55,0.6276
Gilt,34014778,B-BARGAINSHOPPER,F,55 - 64,$50 - $74 K,2597,4,1895,41,840,26,1379.96,53.08,10916.48,0.8878
Gilt,62095545,B-BUYER,F,35 - 44,$75 - $99 K,3981,1,1507,324,96,2,210.21,105.11,489.79,0.6997
Gilt,43515024,B-BUYER,F,35 - 44,$125+ K,3100,24,3100,33,3,3,189.99,63.33,223.01,0.54
Gilt,63515611,B-BUYER,F,35 - 44,$50 - $74 K,5209,1,817,326,214,4,2829.99,707.5,1033.01,0.2674
Gilt,65583659,B-BUYER,F,45 - 54,$125+ K,2961,1,1005,7,311,9,1396.35,174.54,2166.63,0.6081
Gilt,90985764,B-BUYER,F,65 - 74,$50 - $74 K,230,10,138,138,21,1,174.99,174.99,249.01,0.5873
Gilt,28005800,B-BUYER,F,45 - 54,$125+ K,4872,274,3422,287,3,3,253,84.33,533.2,0.6782
Gilt,70547875,B-BUYER,M,35 - 44,$125+ K,1791,295,1775,306,6,3,1069.96,356.65,1046.04,0.4943
Gilt,38683565,B-BUYER,F,25 - 34,$125+ K,3971,4,3969,11,49,11,1327,147.44,889,0.4012
Gilt,65115786,B-BUYER,F,25 - 34,$75 - $99 K,2768,19,1576,120,106,3,377.93,125.98,627.07,0.624
Gilt,48796547,B-BUYER,M,45 - 54,$50 - $74 K,2367,47,2336,247,48,5,429.94,85.99,615.06,0.5886
Gilt,31149785,B-BUYER,F,55 - 64,$100 - $124 K,4212,1,4104,116,375,9,881.96,110.25,1224.04,0.5812
Gilt,87141239,B-BIGSPENDER,F,25 - 34,$125+ K,645,44,401,44,30,5,1404.96,280.99,1103.04,0.4398
Gilt,46321663,B-BUYER,F,35 - 44,$125+ K,5657,14,5607,21,156,91,7865.07,91.45,7679.53,0.494
Gilt,84960050,B-BUYER,F,65 - 74,$50 - $74 K,805,11,200,200,14,1,129.99,129.99,138.01,0.515
Gilt,91931374,B-BUYER,F,55 - 64,$40 - $49 K,119,77,110,110,10,1,59.98,59.98,940.02,0.94
Gilt,80073436,B-BUYER,F,25 - 34,$125+ K,1147,16,1009,195,146,18,3802.06,223.65,4772.94,0.5566
Gilt,92514889,B-BUYER,F,65 - 74,$75 - $99 K,25,25,25,25,1,1,42.99,42.99,43.01,0.5001
Gilt,41364202,B-BIGSPENDER,F,65 - 74,$125+ K,3557,1,2425,76,1298,17,6523.87,383.76,7593.13,0.5379
Gilt,46353666,B-RETURNER,F,35 - 44,$30 - $39 K,5454,3,5447,135,400,74,12531.9,174.05,13141.3,0.5119
Gilt,90042111,B-BUYER,F,25 - 34,$125+ K,377,80,334,263,17,2,399,199.5,968.5,0.7082
Gilt,90905860,B-BUYER,F,35 - 44,$40 - $49 K,244,125,244,244,15,1,799.99,799.99,190.01,0.1919
Gilt,63419937,B-BUYER,F,45 - 54,$75 - $99 K,4962,114,4871,316,31,10,711.98,89,1429.02,0.6675
Gilt,30625954,B-BUYER,M,35 - 44,$50 - $74 K,3490,110,3433,313,163,56,7703.19,183.41,16032.77,0.6755
Gilt,71433923,B-BUYER,F,25 - 34,$125+ K,1729,1,1461,71,74,2,429.98,214.99,1064.02,0.7122
Gilt,84430923,B-BUYER,F,45 - 54,$15 - $19 K,847,1,200,27,42,5,376.95,94.24,512.05,0.576
Gilt,88730076,B-BUYER,F,45 - 54,$75 - $99 K,523,128,280,280,8,1,59.98,59.98,40.02,0.4002
Gilt,65868783,B-BUYER,F,55 - 64,$125+ K,3459,3,2710,178,191,8,844.89,105.61,1190.29,0.5849
Gilt,40447307,B-BUYER,F,55 - 64,$100 - $124 K,4090,1,3285,268,453,15,2236.97,159.78,5446.83,0.7089
Gilt,52199337,B-BIGSPENDER,F,45 - 54,$100 - $124 K,4030,1,3365,16,181,8,1853.9,264.84,6331.6,0.7735
Gilt,90389812,B-BUYER,F,75 +,$40 - $49 K,327,289,327,327,9,1,899.99,899.99,250.01,0.2174
Gilt,27990134,B-BUYER,F,35 - 44,$40 - $49 K,4908,1,4814,54,231,22,2418.99,109.95,2891.01,0.5444
Gilt,42939408,B-BIGSPENDER,M,45 - 54,$75 - $99 K,2099,2,1960,101,695,18,4156.44,259.78,6757.56,0.6192
Gilt,89351249,B-BUYER,F,55 - 64,$125+ K,459,122,459,122,2,2,107.98,53.99,127.02,0.5405
Gilt,38611923,B-BUYER,F,65 - 74,$100 - $124 K,4075,10,10,10,2,1,37,37,47.5,0.5621
Gilt,38799307,B-BUYER,F,35 - 44,$75 - $99 K,4528,33,4270,33,60,69,3579,55.92,2715,0.4314
Gilt,40980209,B-BUYER,M,25 - 34,$75 - $99 K,4754,10,4717,114,29,69,6857.98,110.61,8466.51,0.5525
Gilt,88251797,B-BUYER,F,35 - 44,Under $15 K,569,26,561,26,14,3,386.99,129,157.01,0.2886
Gilt,81200517,B-BUYER,F,55 - 64,$30 - $39 K,1058,2,993,275,55,5,296.95,59.39,659.05,0.6894
Gilt,32675495,B-BUYER,F,25 - 34,$125+ K,3912,23,319,158,12,2,154.98,77.49,162.02,0.5111
Gilt,80843455,B-BARGAINSHOPPER,F,35 - 44,$75 - $99 K,1083,0,1074,70,132,9,1617.72,231.1,14008.11,0.8965
Gilt,68055895,B-BUYER,F,55 - 64,$125+ K,4829,16,4705,353,210,14,1452.97,103.78,2149.97,0.5967
Gilt,41980134,B-BUYER,F,25 - 34,$40 - $49 K,4638,0,3979,6,1051,54,6414.33,123.35,8551.64,0.5714
Gilt,29248805,B-BUYER,F,45 - 54,$125+ K,4272,1,4122,13,1002,44,8455.55,196.64,6618.05,0.439
Gilt,55251872,B-BUYER,F,35 - 44,$75 - $99 K,4975,26,4555,250,140,21,1236.97,68.72,1248.03,0.5022
Gilt,41935745,B-BIGSPENDER,M,45 - 54,$125+ K,3763,5,1414,320,194,8,4094.87,511.86,6301.13,0.6061
Gilt,54714377,B-BUYER,M,45 - 54,$50 - $74 K,4178,231,237,237,14,1,63.99,63.99,201.01,0.7585
Gilt,30430610,B-BUYER,F,25 - 34,$40 - $49 K,3114,6,2763,353,149,4,430.99,107.75,750.01,0.6351
Gilt,40011882,B-BARGAINSHOPPER,M,55 - 64,$100 - $124 K,3237,78,2451,158,82,9,1140.96,162.99,4041.04,0.7798
Gilt,39038924,B-BIGSPENDER,F,35 - 44,$125+ K,4969,70,4642,320,371,191,40223.85,254.58,43401.3,0.519
Gilt,35809437,B-BUYER,F,35 - 44,$125+ K,2724,4,2261,26,415,32,6784.71,242.31,9369.61,0.58
Gilt,32307811,B-BUYER,F,55 - 64,$125+ K,3051,126,126,126,1,1,29.99,29.99,18.01,0.3752
Gilt,49552947,B-BIGSPENDER,F,35 - 44,$15 - $19 K,4850,1,4757,304,185,5,1602.99,320.6,672.01,0.2954
Gilt,91930187,B-BUYER,F,35 - 44,$100 - $124 K,119,101,109,109,7,1,218.99,218.99,876.01,0.8
Gilt,68436505,B-BUYER,M,45 - 54,$75 - $99 K,5061,165,165,165,2,1,89.99,89.99,108.01,0.5455
Gilt,41047499,B-BUYER,F,35 - 44,$75 - $99 K,5356,5,4397,321,467,91,13338.92,164.68,23714.68,0.64
Gilt,91979737,B-BUYER,F,75 +,$75 - $99 K,111,96,111,111,4,1,89.99,89.99,210.01,0.7
Gilt,90757324,B-BUYER,M,55 - 64,$125+ K,271,268,271,271,2,1,49.98,49.98,210,0.8078
Gilt,78846556,B-BUYER,F,25 - 34,Under $15 K,1245,12,21,21,8,1,525.99,525.99,424.01,0.4463
Gilt,72993837,B-BUYER,F,65 - 74,$50 - $74 K,1608,142,142,142,3,1,169.98,169.98,50.02,0.2274
Gilt,27569149,B-BIGSPENDER,F,55 - 64,$100 - $124 K,4021,46,3906,133,166,29,8982.92,309.76,8477.08,0.4855
Gilt,78760957,B-BUYER,F,18 - 24,$20 - $29 K,1249,2,507,129,107,5,1952.96,488.24,1112.04,0.3628
Gilt,63006307,B-RETURNER,F,25 - 34,$125+ K,4139,28,3990,47,194,12,1983.96,165.33,1462.54,0.4244
Gilt,89595462,B-BUYER,F,25 - 34,$50 - $74 K,431,18,179,166,25,2,449.98,224.99,293.02,0.3944
Gilt,92626461,B-BUYER,F,65 - 74,Under $15 K,7,7,7,7,1,1,178,178,517,0.7439
Gilt,52320393,B-BUYER,F,55 - 64,$100 - $124 K,3961,7,169,27,62,9,771.91,128.65,1208.09,0.6101
Gilt,41802594,B-BUYER,F,25 - 34,$125+ K,2796,6,320,168,214,2,695.97,347.99,1049.03,0.6012
Gilt,79931084,B-BARGAINSHOPPER,F,55 - 64,$50 - $74 K,1159,60,1139,182,96,9,1222.89,135.88,3672.06,0.7502
Gilt,69427674,B-BUYER,F,65 - 74,$125+ K,1880,7,8,8,3,1,149.99,149.99,179.01,0.5441
Gilt,38902196,B-BUYER,F,35 - 44,$50 - $74 K,4372,123,2143,123,2,3,387.99,194,491.01,0.5586
Gilt,91992568,B-BUYER,F,55 - 64,$125+ K,109,108,109,109,2,1,427.99,427.99,522.01,0.5495
Gilt,76471600,B-BIGSPENDER,F,35 - 44,$125+ K,1382,7,649,20,269,26,10615.68,461.55,17593.3,0.6237
Gilt,45954278,B-BUYER,M,45 - 54,$100 - $124 K,4826,171,171,171,4,1,229.97,229.97,204.03,0.4701
Gilt,90227698,B-BUYER,M,55 - 64,$50 - $74 K,348,25,330,67,37,4,509.96,127.49,80.02,0.1356
Gilt,90665634,B-BUYER,M,65 - 74,$125+ K,286,1,11,11,142,1,390,390,2505,0.8653
Gilt,44852150,B-BUYER,F,45 - 54,$125+ K,4225,9,4225,52,25,27,2963.96,141.14,7319.29,0.7118
Gilt,37405886,B-BIGSPENDER,F,55 - 64,$125+ K,5143,8,4913,17,502,31,11969.64,412.75,6806.35,0.3625
Gilt,73108591,B-BUYER,F,55 - 64,$50 - $74 K,1596,8,620,135,140,2,203.99,102,316.01,0.6077
Gilt,54533742,B-BUYER,F,55 - 64,$125+ K,4545,69,4515,69,68,8,907.96,113.5,892.04,0.4956
Gilt,70752588,B-BUYER,F,25 - 34,$75 - $99 K,1782,13,77,77,60,1,114.99,114.99,75.01,0.3948
Gilt,62694586,B-BUYER,F,45 - 54,$100 - $124 K,3719,25,572,267,46,3,2208.97,736.32,726.03,0.2474
Gilt,43070884,B-BUYER,M,35 - 44,$100 - $124 K,2297,17,2297,208,300,18,1989.85,124.37,3688.14,0.6496
Gilt,29853787,B-BUYER,M,65 - 74,$125+ K,4868,13,4810,106,119,17,1753.37,109.59,5210.63,0.7482
Gilt,39143994,B-BUYER,M,55 - 64,$100 - $124 K,4732,2,4682,272,259,80,9561.81,127.49,12257.57,0.5618
Gilt,79434379,B-BIGSPENDER,F,35 - 44,Under $15 K,1200,1,1187,88,814,20,6472.43,380.73,3511.67,0.3517
Gilt,35331441,B-BUYER,F,65 - 74,$125+ K,5015,31,4982,216,329,124,9939.78,95.57,11126.38,0.5282
Gilt,81024557,B-BUYER,F,35 - 44,$100 - $124 K,1071,22,797,201,161,4,3058.97,764.74,3066.03,0.5006
Gilt,39265382,B-BARGAINSHOPPER,F,35 - 44,$30 - $39 K,5102,81,4361,116,28,9,484.95,53.88,6118.7,0.9266
Gilt,35022767,B-BIGSPENDER,F,55 - 64,$75 - $99 K,4671,0,1188,3,430,20,5116.86,284.27,12612.87,0.7114
Gilt,79602439,B-BARGAINSHOPPER,F,65 - 74,$75 - $99 K,1186,4,1014,34,194,23,1138.08,49.48,4368.46,0.7933
Gilt,29977429,B-BIGSPENDER,F,35 - 44,$125+ K,5341,5,3925,103,161,10,3708.89,370.89,2478.11,0.4005
Gilt,31649481,B-BUYER,F,55 - 64,$125+ K,4986,39,3196,125,44,3,284.98,94.99,283.02,0.4983
Gilt,76701566,B-BUYER,F,25 - 34,$125+ K,1363,16,58,58,29,1,154.99,154.99,31.01,0.1667
Gilt,30641508,B-BUYER,F,35 - 44,$50 - $74 K,3467,0,3467,13,1793,265,31270.7,126.09,52345.55,0.626
Gilt,38242984,B-BARGAINSHOPPER,F,35 - 44,$40 - $49 K,3873,3,991,251,158,5,972.96,194.59,6626.04,0.872
Gilt,91987530,B-BUYER,F,75 +,$100 - $124 K,109,69,109,109,4,1,399.99,399.99,155.01,0.2793
Gilt,36556637,B-BUYER,F,45 - 54,$50 - $74 K,3633,3,2273,85,76,6,429.97,71.66,733.03,0.6303
Gilt,29895984,B-BUYER,M,35 - 44,$125+ K,4777,21,2625,80,102,6,336.96,56.16,480.54,0.5878
Gilt,40301778,B-BUYER,F,35 - 44,$50 - $74 K,4300,1,3366,329,277,8,1416.99,177.12,906.01,0.39
Gilt,35049910,B-BUYER,M,25 - 34,$75 - $99 K,4634,0,3537,221,150,15,507.94,46.18,1185.51,0.7001
Gilt,71433902,B-BUYER,F,35 - 44,$30 - $39 K,1729,2,1008,172,649,29,5910.7,211.1,7993.3,0.5749
Gilt,92451893,B-BUYER,F,45 - 54,$20 - $29 K,35,21,31,31,8,1,99,99,199,0.6678
Gilt,90908133,B-BUYER,M,25 - 34,$20 - $29 K,244,20,243,243,4,1,89.99,89.99,342.01,0.7917
Gilt,85070687,B-BIGSPENDER,F,45 - 54,$40 - $49 K,794,8,667,85,64,6,3022.38,503.73,4521.62,0.5994
Gilt,34784472,B-BUYER,F,35 - 44,$125+ K,4274,8,4041,304,52,3,214.99,71.66,325.01,0.6019
Gilt,33542083,B-BUYER,M,45 - 54,$100 - $124 K,4877,10,4843,106,27,64,6946.91,112.05,8550.84,0.5517
Gilt,63317437,B-BIGSPENDER,F,35 - 44,$20 - $29 K,5284,15,4823,117,738,25,6655.61,277.32,13972.89,0.6774
Gilt,57553892,B-BUYER,F,35 - 44,$40 - $49 K,2037,158,2037,158,11,3,155.99,52,224,0.5895
Gilt,39179542,B-BUYER,F,45 - 54,$75 - $99 K,4691,3,4689,276,234,93,8497.12,97.67,11328.38,0.5714
Gilt,79829852,B-BUYER,F,18 - 24,$75 - $99 K,1167,33,351,351,93,1,99,99,173,0.636
Gilt,43781522,B-BARGAINSHOPPER,F,35 - 44,$125+ K,3551,67,3551,273,592,37,3355.74,95.88,10365.18,0.7554
Gilt,26602509,B-BUYER,F,25 - 34,$125+ K,2662,4,2662,213,672,93,14146.39,188.62,17928.23,0.559
Gilt,27278432,B-BUYER,F,25 - 34,$100 - $124 K,3705,112,3690,172,40,3,423.99,141.33,554.01,0.5665
Gilt,87914162,B-BUYER,F,25 - 34,$40 - $49 K,594,4,436,159,196,3,409.97,136.66,975.03,0.704
Gilt,33252879,B-BUYER,F,55 - 64,$100 - $124 K,4544,42,4254,66,35,24,1822.96,75.96,2302.22,0.5581
Gilt,31428941,B-BIGSPENDER,F,45 - 54,Under $15 K,4519,3,4122,263,615,22,5596.95,279.85,6450.05,0.5354
Gilt,84092608,B-BUYER,F,55 - 64,$75 - $99 K,875,159,408,159,29,2,436.92,218.46,963.07,0.6879
Gilt,81504066,B-BUYER,M,35 - 44,$15 - $19 K,1037,1,649,303,17,3,581.96,193.99,1318.04,0.6937
Gilt,65609375,B-BARGAINSHOPPER,F,45 - 54,$125+ K,2933,8,2932,297,606,18,1810.37,120.69,13833.57,0.8843
Gilt,72478454,B-BUYER,F,55 - 64,$100 - $124 K,1651,8,8,8,19,1,75.99,75.99,142.01,0.6514
Gilt,33291943,B-BUYER,M,35 - 44,$15 - $19 K,4490,9,3955,92,84,3,477.99,239,1332.01,0.7359
Gilt,86779851,B-BUYER,F,65 - 74,$125+ K,671,10,327,327,112,1,499.99,499.99,145.01,0.2248
Gilt,90752893,B-BUYER,F,55 - 64,$125+ K,272,119,272,272,9,1,129.99,129.99,362.21,0.7359
Gilt,83109657,B-BUYER,F,75 +,$100 - $124 K,933,66,383,316,75,2,654.95,327.48,1590.05,0.7083
Gilt,88714038,B-BUYER,F,35 - 44,$125+ K,524,1,20,20,7,1,269.97,269.97,132.03,0.3284
Gilt,77948150,B-BUYER,F,25 - 34,$75 - $99 K,1301,11,1190,32,228,29,3368.87,134.75,7849.4,0.6997
Gilt,60596036,B-BUYER,M,25 - 34,$50 - $74 K,4951,8,4943,358,565,168,36303.99,242.03,75478.63,0.6752
Gilt,40675656,B-BUYER,F,35 - 44,$50 - $74 K,4485,51,2902,328,66,9,1791.94,199.1,1165.56,0.3941
Gilt,46200492,B-BUYER,F,55 - 64,$100 - $124 K,5239,6,5051,30,177,22,1776.98,84.62,1851.25,0.5102
Gilt,90886586,B-BUYER,M,55 - 64,$125+ K,248,137,248,248,11,1,101.99,101.99,73.01,0.4172
Gilt,53594423,B-BIGSPENDER,F,35 - 44,$50 - $74 K,5465,1,5453,40,745,238,58610.14,276.46,100185.9,0.6309
Gilt,33819996,B-BUYER,F,35 - 44,$75 - $99 K,2442,7,1680,7,20,2,72,72,163,0.6936
Gilt,37215709,B-BUYER,F,45 - 54,$75 - $99 K,4920,25,3209,357,153,7,860.95,122.99,1227.05,0.5877
Gilt,56307252,B-BUYER,F,55 - 64,$50 - $74 K,4332,77,2927,206,87,9,1351.05,193.01,1580.95,0.5392
Gilt,79253751,B-BIGSPENDER,F,55 - 64,$30 - $39 K,1213,13,1213,40,262,20,6836.72,359.83,7281.84,0.5158
Gilt,56940898,B-BIGSPENDER,F,65 - 74,$100 - $124 K,3315,4,3315,42,521,67,35689.59,532.68,42335.9,0.5426
Gilt,85954344,B-BUYER,F,55 - 64,$30 - $39 K,723,87,348,348,14,1,69.99,69.99,2824.01,0.9758
Gilt,83665936,B-BUYER,F,45 - 54,$125+ K,900,0,803,54,114,2,343.98,171.99,332.02,0.4912
Gilt,36484439,B-BUYER,F,65 - 74,$75 - $99 K,3744,4,2935,274,71,2,217.99,109,398.01,0.6461
Gilt,41109478,B-BUYER,F,65 - 74,$125+ K,5104,13,2701,222,410,8,1628.91,203.61,2802.09,0.6324
Gilt,82116109,B-BUYER,F,55 - 64,$50 - $74 K,990,77,92,92,6,1,945.86,945.86,1668.14,0.6382
Gilt,89739113,B-BUYER,F,45 - 54,$125+ K,415,86,290,86,34,6,830.66,276.89,1505.34,0.6444
Gilt,37368688,B-BUYER,F,35 - 44,Under $15 K,5306,336,4884,348,43,17,1282.96,80.19,1410.03,0.5236
Gilt,65114974,B-BUYER,F,55 - 64,$20 - $29 K,2769,12,1891,286,380,8,1972.33,246.54,2401.67,0.5491
Gilt,69811252,B-BUYER,F,25 - 34,$40 - $49 K,1846,27,817,234,212,3,299.97,99.99,495.03,0.6227
Gilt,89776918,B-BUYER,F,45 - 54,$30 - $39 K,410,4,319,55,29,4,1519.92,506.64,1112.06,0.4225
Gilt,81202307,B-BUYER,F,45 - 54,$125+ K,1058,69,69,69,3,1,39.99,39.99,90.01,0.6924
Gilt,27680072,B-BUYER,F,35 - 44,$125+ K,4601,50,4398,150,57,14,982.98,89.36,1294.01,0.5683
Gilt,50797331,B-BUYER,F,65 - 74,$40 - $49 K,2865,34,2864,48,5,2,96.99,48.5,96.01,0.4975
Gilt,90821787,B-BUYER,F,35 - 44,$15 - $19 K,260,2,226,226,11,1,63.99,63.99,101.01,0.6122
Gilt,36140705,B-BUYER,F,35 - 44,$50 - $74 K,3521,199,3366,323,64,8,546.98,68.37,964.01,0.638
Gilt,30067647,B-BIGSPENDER,F,65 - 74,$75 - $99 K,5602,215,5523,309,5,16,6131.99,613.2,8354.01,0.5767
Gilt,45893151,B-BUYER,F,55 - 64,$75 - $99 K,4902,0,4852,1,452,101,10042.71,112.84,15787.34,0.6112
Gilt,67051534,B-BUYER,F,25 - 34,$125+ K,4060,92,3116,92,26,6,590.99,118.2,622.01,0.5128
Gilt,76578085,B-BIGSPENDER,F,45 - 54,$125+ K,1373,84,1057,148,247,51,80407.91,1608.16,70189.8,0.4661
Gilt,39723200,B-BUYER,F,45 - 54,$100 - $124 K,2975,3,2905,24,206,79,15757.94,225.11,11056.05,0.4123
Gilt,90664970,B-BUYER,F,35 - 44,$125+ K,286,82,286,286,6,1,51.98,51.98,170,0.7658
Gilt,77362866,B-BUYER,F,35 - 44,$75 - $99 K,1308,4,1065,164,39,4,2459.97,819.99,660.03,0.2115
Gilt,33686068,B-BUYER,F,55 - 64,$125+ K,5268,0,2997,4,327,10,1260.83,126.08,1952.1,0.6076
Gilt,72843626,B-BIGSPENDER,F,55 - 64,$125+ K,1622,3,1433,96,357,19,7278.03,428.12,14129.97,0.66
Gilt,42400498,B-BUYER,F,35 - 44,$75 - $99 K,3988,30,30,30,28,1,180,180,70,0.28
Gilt,90513510,B-BUYER,M,65 - 74,$50 - $74 K,313,313,313,313,1,1,194.98,194.98,273.01,0.5834
Gilt,29143604,B-BUYER,F,35 - 44,$125+ K,3677,12,3466,81,361,29,3519.69,121.37,3636.96,0.5082
Gilt,56242727,B-BUYER,F,65 - 74,$50 - $74 K,5269,8,4994,8,56,6,321.96,64.39,736.03,0.6957
Gilt,83051108,B-BUYER,F,45 - 54,$75 - $99 K,936,339,358,358,6,1,429.99,429.99,100.01,0.1887
Gilt,73636331,B-BUYER,F,45 - 54,$15 - $19 K,1546,1,334,110,76,5,5128.07,1282.02,4406.93,0.4622
Gilt,39073090,B-BUYER,F,45 - 54,$125+ K,4891,40,4845,127,28,4,411.98,103,413.02,0.5006
Gilt,86710177,B-BUYER,F,55 - 64,$40 - $49 K,676,83,654,208,81,2,499.98,249.99,158.02,0.2402
Gilt,45002492,B-BUYER,F,25 - 34,$125+ K,4090,13,3246,13,7,3,57.98,19.33,65.02,0.5286
Gilt,40035211,B-RETURNER,F,55 - 64,$125+ K,3935,25,3683,25,42,21,4550.94,216.71,4181.06,0.4788
Gilt,52930587,B-BUYER,F,75 +,$50 - $74 K,4360,4,3901,26,483,66,10707.51,164.73,13712.68,0.5615
Gilt,42626134,B-BUYER,F,45 - 54,$75 - $99 K,4475,33,4299,53,79,18,3888,228.71,2071.98,0.3476
Gilt,91508196,B-BUYER,F,25 - 34,$100 - $124 K,173,160,171,171,5,1,79.99,79.99,19.96,0.1997
Gilt,73126906,B-BUYER,F,65 - 74,$125+ K,1595,2,1592,92,519,72,10794.23,163.55,20598.17,0.6562
Gilt,90950311,B-BUYER,F,35 - 44,$125+ K,236,219,235,235,10,1,139.99,139.99,330.01,0.7021
Gilt,87563350,B-BUYER,F,65 - 74,$100 - $124 K,619,0,561,0,339,47,5686.8,157.97,7910.34,0.5818
Gilt,68268423,B-BIGSPENDER,M,45 - 54,$125+ K,5402,4,5062,4,312,232,52244.09,301.99,71689.06,0.5784
Gilt,65779726,B-BIGSPENDER,M,35 - 44,$75 - $99 K,3523,102,3499,102,12,9,4037.91,576.84,27892.78,0.8735
Gilt,28062848,B-BUYER,M,45 - 54,$50 - $74 K,4747,148,4746,165,45,28,5073.76,187.92,10148.22,0.6667
Gilt,90540176,B-BUYER,F,65 - 74,$75 - $99 K,310,305,310,310,2,1,69.95,69.95,74.7,0.5164
Gilt,53524558,B-BUYER,F,25 - 34,$15 - $19 K,5069,177,4730,182,104,20,2668.97,140.47,2667.46,0.4999
Gilt,90443070,B-BUYER,F,25 - 34,$125+ K,323,172,323,323,2,1,495.98,495.98,464.02,0.4834
Gilt,31180596,B-BUYER,F,25 - 34,$125+ K,4159,12,2866,262,145,3,126.97,42.32,1749.03,0.9323
Gilt,61107080,B-BUYER,M,35 - 44,$75 - $99 K,5524,3,5286,150,186,9,1346.91,149.66,722.09,0.349
Gilt,60906680,B-BUYER,F,25 - 34,$75 - $99 K,5365,1,4345,168,1071,10,430.97,47.89,618.97,0.5895
Gilt,29937730,B-BUYER,F,25 - 34,$75 - $99 K,4706,0,4696,208,445,11,808.98,73.54,805.96,0.4991
Gilt,90670191,B-BUYER,F,35 - 44,$40 - $49 K,285,200,278,278,5,1,99.99,99.99,154.01,0.6063
Gilt,90217228,B-BUYER,M,55 - 64,$50 - $74 K,350,13,349,344,14,3,83.96,41.98,132.98,0.613
Gilt,30165082,B-BARGAINSHOPPER,F,35 - 44,$30 - $39 K,2205,61,2128,61,239,16,3571.88,238.13,11829.12,0.7681
Gilt,33307687,B-BUYER,F,45 - 54,$100 - $124 K,4467,1,4460,167,911,36,4674.37,137.48,4939.61,0.5138
Gilt,90054005,B-BUYER,F,45 - 54,$125+ K,375,74,244,244,17,1,337.98,337.98,1205.97,0.7811
Gilt,92454172,B-BUYER,F,45 - 54,$125+ K,35,35,35,35,1,1,29.99,29.99,23.01,0.4342
Gilt,36173776,B-BUYER,M,45 - 54,$75 - $99 K,3475,2,3246,3,1189,140,7401.12,56.93,12934.6,0.6361
Gilt,49641543,B-BUYER,F,55 - 64,$75 - $99 K,2174,31,850,325,187,8,745.91,93.24,1517.99,0.6705
Gilt,92129362,B-BUYER,F,35 - 44,$125+ K,87,80,80,80,3,1,449.96,449.96,344.03,0.4333
Gilt,60936026,B-BUYER,F,35 - 44,$50 - $74 K,5304,1,4906,119,82,14,1851.19,132.23,3542.81,0.6568
Gilt,41683299,B-BUYER,F,25 - 34,$75 - $99 K,4101,11,2777,61,358,29,2512,86.62,2723.15,0.5202
Gilt,83320230,B-BUYER,F,55 - 64,$125+ K,921,64,294,294,81,1,578,578,0,0
Gilt,28146811,B-BUYER,F,35 - 44,$75 - $99 K,5270,3,5237,62,149,139,17466.8,130.35,21822.12,0.5554
Gilt,90538303,B-BUYER,F,55 - 64,$50 - $74 K,310,310,310,310,1,1,89.99,89.99,65.01,0.4194
Gilt,39195914,B-BUYER,F,35 - 44,$125+ K,5389,2,5389,9,895,375,62271.21,195.21,83430.41,0.5726
Gilt,92595297,B-BUYER,F,45 - 54,$75 - $99 K,12,10,12,12,3,1,179.98,179.98,120.02,0.4001
Gilt,89013093,B-BUYER,F,65 - 74,$75 - $99 K,496,100,125,125,9,1,89.99,89.99,82.01,0.4768
Gilt,43214075,B-BUYER,F,55 - 64,$125+ K,2703,111,111,111,1,1,279.99,279.99,189.01,0.403
Gilt,89810912,B-BUYER,F,45 - 54,$125+ K,407,34,75,75,16,1,66,66,846,0.9276
Gilt,41108603,B-BUYER,F,35 - 44,$125+ K,5106,1,4975,27,655,114,18249.5,172.17,25399.15,0.5819
Gilt,90920070,B-BUYER,F,55 - 64,$50 - $74 K,241,239,241,241,2,1,25.99,25.99,33.01,0.5595
Gilt,61653314,B-BUYER,F,75 +,$125+ K,4787,45,317,58,51,2,271.94,135.97,414.06,0.6036
Gilt,27455149,B-BUYER,F,35 - 44,$30 - $39 K,4214,205,264,264,6,1,159.99,159.99,45.01,0.2196
Gilt,90392892,B-BUYER,M,55 - 64,$125+ K,327,326,327,327,2,1,299.97,299.97,327.03,0.5216
Gilt,90303944,B-BUYER,F,35 - 44,$75 - $99 K,338,322,334,334,4,1,939.99,939.99,210.01,0.1826
Gilt,66448567,B-BUYER,M,45 - 54,$125+ K,3762,11,76,17,7,3,236.97,118.49,743.03,0.7582
Gilt,63347770,B-BUYER,F,45 - 54,Under $15 K,4982,1,4833,59,661,94,7541.39,96.68,19863.08,0.7248
Gilt,33737940,B-BUYER,F,35 - 44,$75 - $99 K,5070,46,4634,323,258,39,4999.4,135.12,7485.9,0.5996
Gilt,89196429,B-BUYER,F,45 - 54,$125+ K,478,190,197,197,10,1,79.99,79.99,19.96,0.1997
Gilt,90185374,B-BUYER,F,35 - 44,Under $15 K,355,228,355,355,5,1,558.99,558.99,286.01,0.3385
Gilt,92330994,B-BUYER,M,45 - 54,$30 - $39 K,54,16,39,39,10,1,389.98,389.98,371.02,0.4875
Gilt,29426120,B-BUYER,F,45 - 54,$125+ K,4005,3,1873,15,391,10,981.89,98.19,1794.6,0.6464
Gilt,90235046,B-BUYER,F,55 - 64,$125+ K,348,241,348,348,16,1,73.98,73.98,124.02,0.6264
Gilt,40573341,B-BUYER,M,45 - 54,Under $15 K,4651,18,2518,95,294,29,2390.19,88.53,5845.81,0.7098
Gilt,53455644,B-BUYER,F,75 +,$75 - $99 K,5189,10,4877,277,55,4,146.99,73.5,167.46,0.5325
Gilt,90548907,B-BUYER,F,45 - 54,$125+ K,309,120,309,309,2,1,229.99,229.99,385.01,0.626
Gilt,80086437,B-BARGAINSHOPPER,F,45 - 54,$20 - $29 K,1145,12,1075,119,266,14,1325.93,101.99,4360.01,0.7668
Gilt,60055906,B-BIGSPENDER,F,25 - 34,$100 - $124 K,4555,2,1063,81,163,7,2701.02,385.86,858.98,0.2413
Gilt,30089706,B-BUYER,F,18 - 24,$50 - $74 K,2117,58,339,67,39,3,162.99,81.5,187.01,0.5343
Gilt,31344549,B-BUYER,F,55 - 64,$100 - $124 K,4654,9,4653,268,621,82,13836.89,182.06,11938.05,0.4632
Gilt,86277719,B-BUYER,F,25 - 34,$30 - $39 K,699,13,699,117,108,4,2658.97,664.74,576.03,0.1781
Gilt,76184849,B-BUYER,F,45 - 54,$125+ K,1414,6,1414,6,78,5,611.92,122.38,659.98,0.5189
Gilt,89994669,B-BUYER,F,45 - 54,$40 - $49 K,383,159,159,159,5,1,199.98,199.98,362.02,0.6442
Gilt,29992147,B-BUYER,F,35 - 44,$50 - $74 K,5279,62,5271,62,43,5,493.98,98.8,612.02,0.5534
Gilt,42032489,B-BUYER,F,25 - 34,$50 - $74 K,2120,13,2120,27,129,14,1624,116,593.99,0.2678
Gilt,39042343,B-BUYER,F,35 - 44,$125+ K,4961,110,4932,110,79,89,8252.87,97.09,9518.13,0.5356
Gilt,80977054,B-BUYER,M,65 - 74,$30 - $39 K,1073,89,89,89,6,1,149.99,149.99,25.01,0.1429
Gilt,89946235,B-BUYER,F,35 - 44,Under $15 K,389,26,165,155,56,2,528.99,264.5,262.01,0.3312
Gilt,29897657,B-BUYER,F,35 - 44,$40 - $49 K,4774,125,4473,352,104,80,8843.94,121.15,10046.31,0.5318
Gilt,41045971,B-BUYER,F,45 - 54,$125+ K,5365,33,365,357,20,3,1219.93,406.64,1333.07,0.5222
Gilt,41465139,B-BUYER,F,55 - 64,$75 - $99 K,4252,68,3298,68,13,3,85,42.5,150,0.6383
Gilt,87990963,B-BARGAINSHOPPER,F,45 - 54,$50 - $74 K,589,0,563,1,352,153,13893.83,110.27,45990.8,0.768
Gilt,89285742,B-BUYER,M,35 - 44,$15 - $19 K,467,5,248,248,126,1,194.99,194.99,710.01,0.7845
Gilt,85529366,B-BUYER,F,65 - 74,$125+ K,759,246,552,270,8,2,163.99,82,435,0.7262
Gilt,26818823,B-RETURNER,F,35 - 44,$50 - $74 K,2941,12,1782,112,732,30,5296.71,196.17,14241.98,0.7289
Gilt,55719326,B-BUYER,F,35 - 44,$75 - $99 K,2871,177,2871,305,50,12,1464.99,122.08,1200.01,0.4503
Gilt,74671045,B-BARGAINSHOPPER,F,35 - 44,$75 - $99 K,1466,5,1424,32,476,40,4135.71,118.16,19314.84,0.8236
Gilt,55876380,B-BUYER,M,35 - 44,$75 - $99 K,5136,4,4904,172,77,25,2449.92,111.36,4443.38,0.6446
Gilt,69819143,B-BUYER,F,35 - 44,$125+ K,1845,28,291,50,282,5,336.48,84.12,582.72,0.6339
Gilt,26406075,B-BUYER,F,55 - 64,$125+ K,2061,249,2061,250,29,7,915.95,152.66,1098.05,0.5452
Gilt,45847447,B-BUYER,M,45 - 54,$125+ K,4958,25,4954,102,319,151,20591.79,149.22,30083.61,0.5937
Gilt,40568370,B-BIGSPENDER,F,55 - 64,$100 - $124 K,4657,58,3510,302,101,21,6098.75,338.82,12151.2,0.6658
Gilt,86019613,B-BUYER,F,35 - 44,$30 - $39 K,718,3,157,93,62,2,919.97,459.99,1125.03,0.5501
Gilt,79871193,B-BUYER,F,35 - 44,$40 - $49 K,1164,103,225,225,29,1,279.98,279.98,260.02,0.4815
Gilt,82361727,B-BUYER,F,45 - 54,$75 - $99 K,975,9,207,207,138,1,76.99,76.99,152.01,0.6638
Gilt,46503819,B-BUYER,F,25 - 34,$30 - $39 K,4908,115,4697,262,31,7,454.97,65,648.03,0.5875
Gilt,31774269,B-BUYER,F,25 - 34,$125+ K,4719,128,3981,269,19,8,423.99,53,492.01,0.5371
Gilt,28233160,B-BIGSPENDER,F,35 - 44,$30 - $39 K,5472,4,4636,162,65,7,2344.87,334.98,5017.13,0.6815
Gilt,67462358,B-BUYER,F,55 - 64,$100 - $124 K,4520,25,3542,110,112,10,1746.95,174.7,1161.05,0.3993
Gilt,79192145,B-BUYER,M,45 - 54,$75 - $99 K,1219,2,278,111,146,4,302.97,75.74,821.03,0.7305
Gilt,40673738,B-BUYER,F,35 - 44,$125+ K,4488,13,4448,117,392,80,9256.89,134.16,11904.05,0.5625
Gilt,27002479,B-BUYER,F,45 - 54,$75 - $99 K,3381,37,106,106,57,1,100,100,270,0.7297
Gilt,31813413,B-BUYER,F,45 - 54,$100 - $124 K,5391,159,5322,311,160,16,1580.95,98.81,2212.05,0.5832
Gilt,47112511,B-BUYER,F,45 - 54,$50 - $74 K,3960,23,3890,353,143,44,3439.16,92.95,4237.71,0.552
Gilt,28517685,B-BARGAINSHOPPER,F,45 - 54,$30 - $39 K,2487,142,2487,354,40,7,527.97,88,1683.03,0.7612
Gilt,43697578,B-BUYER,F,55 - 64,$125+ K,2888,0,2888,49,1823,618,48175.96,116.09,61193.37,0.5595
Gilt,36693034,B-BUYER,F,45 - 54,$75 - $99 K,4203,1,4199,58,1219,47,4407.92,95.82,8059.05,0.6464
Gilt,88746824,B-BUYER,F,35 - 44,$15 - $19 K,522,40,64,64,3,1,79.99,79.99,30.01,0.2728
Gilt,57623199,B-BUYER,F,35 - 44,$40 - $49 K,2377,3,242,177,38,2,448.96,224.48,732.04,0.6198
Gilt,45214090,B-BUYER,F,55 - 64,$125+ K,4672,50,4153,171,57,7,1384.97,197.85,1243.03,0.473
Gilt,56678262,B-BUYER,M,35 - 44,$125+ K,4486,247,4340,252,12,20,2803.99,155.78,3319.01,0.5421
Gilt,41837096,B-BUYER,F,25 - 34,$30 - $39 K,4850,4,4095,13,403,301,29477.95,128.72,34431.39,0.5388
Gilt,37349438,B-BIGSPENDER,F,35 - 44,$125+ K,5394,4,5361,76,366,44,13726.26,334.79,19778.74,0.5903
Gilt,70991661,B-BIGSPENDER,F,55 - 64,$125+ K,1761,3,1578,24,322,43,28164.11,782.34,32361.77,0.5347
Gilt,28146905,B-BUYER,M,35 - 44,$75 - $99 K,5270,5,5245,60,182,40,9324.73,245.39,23944.82,0.7197
Gilt,88490842,B-BUYER,F,75 +,$50 - $74 K,545,83,83,83,4,1,59.98,59.98,178,0.748
Gilt,89769355,B-BUYER,M,55 - 64,$50 - $74 K,411,212,329,329,13,1,299.99,299.99,495.01,0.6227
Gilt,44090935,B-BUYER,F,45 - 54,$125+ K,3292,6,469,6,61,3,451.99,150.66,1582.01,0.7778
Gilt,41480053,B-RETURNER,F,65 - 74,$40 - $49 K,4451,28,3675,277,301,28,4843.88,193.76,10380.11,0.6818
Gilt,90985702,B-BUYER,F,55 - 64,$75 - $99 K,230,59,230,62,4,2,229.97,114.99,10320.03,0.9782
Gilt,42486488,B-BUYER,F,55 - 64,$75 - $99 K,3607,0,349,349,54,1,139.98,139.98,60.02,0.3001
Gilt,85686856,B-BUYER,F,75 +,$125+ K,746,3,743,227,161,5,627.96,125.59,1555.04,0.7123
Gilt,37413544,B-BUYER,M,35 - 44,$75 - $99 K,5119,26,5119,26,2,19,2368.98,124.68,2716.02,0.5341
Gilt,84869742,B-BUYER,F,65 - 74,$125+ K,813,31,269,228,44,2,419.95,209.98,445.05,0.5145
Gilt,41136368,B-BARGAINSHOPPER,M,35 - 44,$15 - $19 K,5670,156,5167,156,145,34,2680.96,78.85,44071.91,0.9427
Gilt,53530420,B-BUYER,M,45 - 54,$30 - $39 K,5061,4,4198,187,974,43,8105.73,188.51,10754.56,0.5702
Gilt,86072980,B-BIGSPENDER,M,45 - 54,$125+ K,713,52,713,58,131,25,17689.89,842.38,8336.6,0.3203
Gilt,92068301,B-BUYER,F,65 - 74,$75 - $99 K,97,2,55,15,27,2,283.93,141.97,445.07,0.6105
Gilt,92056398,B-BUYER,F,25 - 34,$30 - $39 K,100,68,100,100,6,1,161.99,161.99,283.01,0.636
Gilt,83081373,B-BUYER,F,25 - 34,$30 - $39 K,935,6,330,124,30,2,124.98,62.49,112.02,0.4727
Gilt,31477962,B-BUYER,F,65 - 74,$100 - $124 K,4440,104,572,264,11,2,289.97,144.99,80.03,0.2163
Gilt,84434346,B-BUYER,F,45 - 54,$50 - $74 K,847,1,323,323,71,1,273.99,273.99,466.01,0.6297
Gilt,41136829,B-BUYER,F,65 - 74,$75 - $99 K,5665,3,5656,196,52,41,4657.99,113.61,6379.81,0.578
Gilt,41118410,B-BUYER,M,25 - 34,$100 - $124 K,5075,125,5003,216,24,12,1973.98,197.4,2145.02,0.5208
Gilt,55333380,B-BUYER,M,65 - 74,$20 - $29 K,4529,12,3018,216,240,22,4205.84,221.36,7837.15,0.6508
Gilt,42702862,B-BIGSPENDER,F,45 - 54,$75 - $99 K,4026,2,1290,10,407,15,9682.87,645.52,3612.13,0.2717
Gilt,90523796,B-BUYER,F,65 - 74,$75 - $99 K,312,312,312,312,1,1,99.99,99.99,50.01,0.3334
Gilt,54247082,B-BUYER,F,45 - 54,$30 - $39 K,5292,1,5278,38,97,49,8817.97,183.71,12333.43,0.5831
Gilt,73594612,B-BUYER,F,45 - 54,$125+ K,1549,1,279,279,139,1,39.99,39.99,210,0.84
Gilt,35028498,B-BUYER,F,75 +,$75 - $99 K,4664,4,4390,75,588,5,795.45,159.09,885.55,0.5268
Gilt,84391154,B-BUYER,M,65 - 74,$125+ K,850,198,850,314,13,8,771.9,96.49,1514.09,0.6623
Gilt,29563260,B-BUYER,F,35 - 44,$30 - $39 K,4539,19,3804,35,29,3,1047.99,349.33,360.01,0.2557
Gilt,69711857,B-BUYER,F,55 - 64,$75 - $99 K,1855,67,1046,67,122,9,825.93,91.77,2023.04,0.7101
Gilt,66647564,B-BUYER,M,35 - 44,$40 - $49 K,3611,2,3489,160,1088,44,4952.74,130.34,5361.62,0.5198
Gilt,78285593,B-BUYER,F,45 - 54,$50 - $74 K,1266,5,590,279,331,2,909.98,454.99,474.96,0.3429
Gilt,82294064,B-BARGAINSHOPPER,F,55 - 64,$100 - $124 K,979,67,690,173,215,15,2045.97,170.5,24213.82,0.9221
Gilt,91162804,B-BUYER,M,45 - 54,$75 - $99 K,204,201,204,204,3,1,99.99,99.99,105.01,0.5122
Gilt,35545100,B-BUYER,F,65 - 74,$125+ K,5205,15,4438,320,114,4,1396.96,349.24,1379.04,0.4968
Gilt,66247609,B-BIGSPENDER,F,55 - 64,$125+ K,3888,41,3369,344,339,38,9435.71,269.59,20977.23,0.6897
Gilt,78914199,B-BUYER,F,65 - 74,$20 - $29 K,1240,2,1231,5,454,11,1237.92,137.55,1941.08,0.6106
Gilt,53570758,B-BUYER,F,35 - 44,$75 - $99 K,5577,1,2514,85,698,17,2636.15,188.3,5099.34,0.6592
Gilt,77084921,B-BIGSPENDER,F,65 - 74,$125+ K,1332,1,1103,4,636,125,61418.31,529.47,87413.3,0.5873
Gilt,31727667,B-BUYER,F,35 - 44,$50 - $74 K,4809,30,348,348,29,1,350,350,150,0.3
Gilt,80013500,B-BUYER,F,45 - 54,$50 - $74 K,1152,4,672,355,143,7,1410.97,201.57,2490.02,0.6383
Gilt,39349003,B-BUYER,M,25 - 34,$75 - $99 K,2479,2,2473,78,527,32,4077.91,163.12,5464.09,0.5726
Gilt,49834672,B-BIGSPENDER,M,65 - 74,$100 - $124 K,4197,228,4105,300,143,71,21456.25,325.09,29170.25,0.5762
Gilt,90192304,B-BUYER,F,55 - 64,$125+ K,354,338,354,354,4,1,159.96,159.96,26,0.1398
Gilt,28487933,B-BIGSPENDER,F,35 - 44,$125+ K,2564,8,2521,268,545,5,2189.93,437.99,3329.18,0.6032
Gilt,37415163,B-BUYER,F,35 - 44,$100 - $124 K,5114,152,159,159,11,1,699,699,246,0.2603
Gilt,84727030,B-BUYER,F,35 - 44,$50 - $74 K,825,252,825,263,28,3,277.97,92.66,531.03,0.6564
Gilt,50179790,B-BIGSPENDER,M,35 - 44,$100 - $124 K,2824,16,2758,153,293,14,3510.64,250.76,4536.33,0.5637
Gilt,37563126,B-BUYER,F,35 - 44,$40 - $49 K,2137,106,662,134,33,5,621.97,124.39,822.03,0.5693
Gilt,90213112,B-BUYER,F,45 - 54,$75 - $99 K,351,348,351,351,3,1,79.98,79.98,48,0.3751
Gilt,62729713,B-BUYER,F,35 - 44,$30 - $39 K,4010,9,4010,97,217,9,777.93,86.44,1235.07,0.6135
Gilt,46290321,B-BUYER,F,35 - 44,$75 - $99 K,5065,4,5060,273,37,103,16341.97,173.85,15836.08,0.4921
Gilt,39395201,B-BUYER,M,45 - 54,$15 - $19 K,2191,48,985,277,214,14,2005.85,167.15,1939.15,0.4915
Gilt,41140375,B-BUYER,F,55 - 64,$125+ K,5606,10,5593,22,81,67,8998.87,142.84,10490.11,0.5383
Gilt,58388479,B-BUYER,F,35 - 44,$100 - $124 K,2881,12,2807,242,195,4,872.97,218.24,777.02,0.4709
Gilt,48972765,B-BUYER,F,25 - 34,$125+ K,3888,71,3717,265,36,36,3893.99,111.26,4293.01,0.5244
Gilt,91751676,B-BUYER,F,55 - 64,$50 - $74 K,147,131,147,139,5,3,239.92,239.92,176.08,0.4233
Gilt,63808524,B-BUYER,F,35 - 44,$50 - $74 K,4589,69,217,217,6,1,219.99,219.99,178.01,0.4473
Gilt,88021236,B-BUYER,F,45 - 54,$50 - $74 K,587,0,298,298,48,1,39,39,110,0.7383
Gilt,92113431,B-BUYER,F,55 - 64,$75 - $99 K,90,90,90,90,1,1,49.99,49.99,600.01,0.9231
Gilt,62290259,B-BUYER,F,25 - 34,$75 - $99 K,4819,33,4531,336,94,78,8240.66,111.36,9412.53,0.5332
Gilt,41078640,B-BUYER,F,35 - 44,$50 - $74 K,5217,1,5200,241,415,38,2901.87,80.61,5771.62,0.6654
Gilt,45427513,B-BUYER,F,25 - 34,$50 - $74 K,4497,158,4304,158,33,10,504.99,56.11,573.89,0.5319
Gilt,29537822,B-BUYER,F,55 - 64,$75 - $99 K,4579,0,4577,26,336,96,7557.28,88.91,8189.36,0.5201
Gilt,75056485,B-BUYER,F,55 - 64,$125+ K,1460,7,959,7,44,19,2649.81,176.65,4404.19,0.6244
Gilt,91096632,B-BUYER,M,45 - 54,Under $15 K,214,60,60,60,16,1,36.99,36.99,88.01,0.7041
Gilt,61235912,B-BUYER,M,45 - 54,$100 - $124 K,4846,3,4835,323,50,15,1231.98,154,2265.42,0.6477
Gilt,81381053,B-BUYER,M,35 - 44,$30 - $39 K,1048,19,116,116,125,1,299.99,299.99,35.01,0.1045
Gilt,90565949,B-BUYER,F,55 - 64,$100 - $124 K,307,307,307,307,1,1,49.99,49.99,150.01,0.7501
Gilt,31835708,B-BUYER,F,45 - 54,$125+ K,5296,165,5215,214,50,49,5822.92,126.59,7225.46,0.5537
Gilt,92051307,B-BUYER,M,35 - 44,$40 - $49 K,101,92,101,101,4,1,68.99,68.99,126.01,0.6462
Gilt,66744355,B-BUYER,M,25 - 34,$75 - $99 K,4287,67,4044,173,120,17,2987.88,213.42,2992.61,0.5004
Gilt,37451131,B-BUYER,F,45 - 54,$40 - $49 K,5585,8,4984,312,121,16,1094.97,78.21,2326.3,0.68
Gilt,28376247,B-BUYER,F,45 - 54,$50 - $74 K,2835,5,2835,199,51,7,642,91.71,1269,0.6641
Gilt,52402607,B-BUYER,F,55 - 64,$125+ K,4638,19,4601,63,224,38,7061.32,207.69,9368.08,0.5702
Gilt,56362766,B-BUYER,F,45 - 54,$100 - $124 K,4871,52,4761,79,280,16,2549.94,159.37,3429.56,0.5736
Gilt,91068384,B-BUYER,F,25 - 34,$75 - $99 K,218,218,218,218,1,1,69.99,69.99,119.01,0.6297
Gilt,64436191,B-BUYER,F,55 - 64,$125+ K,2921,160,352,315,145,2,309.98,154.99,84.02,0.2132
Gilt,86265177,B-BUYER,F,65 - 74,$30 - $39 K,699,0,458,169,243,2,170.97,85.49,424.03,0.7127
Gilt,47979019,B-BUYER,F,65 - 74,$125+ K,3478,16,256,256,36,1,59.99,59.99,501.89,0.8932
Gilt,64965131,B-BIGSPENDER,F,35 - 44,$125+ K,2154,3,1102,3,543,26,7726.8,297.18,5225.6,0.4034
Gilt,91313987,B-BUYER,F,65 - 74,$125+ K,186,186,186,186,1,1,119.97,119.97,3480.03,0.9667
Gilt,82659036,B-BUYER,F,55 - 64,$75 - $99 K,957,0,952,11,163,8,1079.85,134.98,2352.15,0.6854
Gilt,63303763,B-BIGSPENDER,F,45 - 54,$75 - $99 K,3719,18,3420,114,270,32,12607.35,406.69,9572.6,0.4316
Gilt,71256627,B-BUYER,F,45 - 54,$125+ K,1740,6,324,77,161,3,189.97,63.32,438.03,0.6975
Gilt,34655521,B-BIGSPENDER,F,45 - 54,$20 - $29 K,3716,0,1085,172,681,20,4500.67,264.75,3836.48,0.4602
Gilt,40951325,B-BUYER,F,35 - 44,$50 - $74 K,4813,4,3236,183,84,3,723.98,241.33,707.02,0.4941
Gilt,61102426,B-BUYER,F,25 - 34,$125+ K,5552,8,5194,310,115,22,1037.98,47.18,1680.32,0.6182
Gilt,35882875,B-BUYER,F,35 - 44,$15 - $19 K,2530,12,428,75,13,2,259.98,129.99,450.02,0.6338
Gilt,46003004,B-BUYER,F,55 - 64,$125+ K,4776,6,4775,24,389,89,13721.49,178.2,21380.75,0.6091
Gilt,38348123,B-BIGSPENDER,F,75 +,$75 - $99 K,3716,6,3327,82,394,108,42607.14,413.66,33240.96,0.4383
Gilt,71942065,B-BUYER,F,45 - 54,$30 - $39 K,1692,4,540,307,571,6,475.95,79.33,1392.04,0.7452
Gilt,59685277,B-BIGSPENDER,F,55 - 64,$125+ K,4102,0,4102,15,943,54,20718.69,450.41,17261.91,0.4545
Gilt,27551838,B-BUYER,F,55 - 64,$125+ K,4049,18,200,68,60,2,469.98,234.99,365.02,0.4371
Gilt,37352081,B-BUYER,M,45 - 54,$100 - $124 K,5383,0,4909,1,1334,386,79627.27,228.81,138150.05,0.6344
Gilt,40510606,B-BUYER,F,55 - 64,$100 - $124 K,3988,34,2131,36,4,2,2827.99,1414,3902.01,0.5798
Gilt,45831997,B-BUYER,F,65 - 74,$125+ K,4976,19,4676,129,72,6,1075.95,215.19,1258.04,0.539
Gilt,73588047,B-BUYER,F,55 - 64,$75 - $99 K,1550,46,156,156,31,1,549.99,549.99,240.01,0.3038
Gilt,39269302,B-RETURNER,F,45 - 54,$50 - $74 K,5089,13,5051,103,302,27,6718.87,258.42,9893.63,0.5956
Gilt,31341742,B-BUYER,M,45 - 54,$40 - $49 K,4657,3,652,22,62,3,177.44,59.15,404.55,0.6951
Gilt,33678310,B-BUYER,F,55 - 64,$50 - $74 K,5305,153,153,153,2,1,149.99,149.99,5845.01,0.975
Gilt,89625920,B-BUYER,F,45 - 54,$125+ K,428,55,56,56,3,1,129.99,129.99,198.01,0.6037
Gilt,33497053,B-BIGSPENDER,F,45 - 54,$75 - $99 K,4980,39,949,257,24,7,2611.75,373.11,2559.95,0.495
Gilt,88820794,B-BUYER,F,45 - 54,$125+ K,514,33,167,167,23,1,179.98,179.98,154.02,0.4611
Gilt,39298810,B-BUYER,F,35 - 44,$125+ K,5564,3,5056,3,506,144,23904.28,182.48,25063.8,0.5118
Gilt,60939139,B-BIGSPENDER,F,65 - 74,$125+ K,5299,11,5271,48,548,67,22063.77,344.75,30080.37,0.5769
Gilt,66309483,B-BUYER,F,55 - 64,$50 - $74 K,3850,16,3670,53,288,59,6723.91,129.31,7132.08,0.5147
Gilt,87276838,B-BIGSPENDER,M,65 - 74,$50 - $74 K,636,1,636,24,157,19,5791.85,304.83,6908.85,0.544
Gilt,54116759,B-BUYER,M,35 - 44,$125+ K,2986,312,2981,312,5,5,441.99,88.4,541.01,0.5504
Gilt,90848944,B-BUYER,F,45 - 54,$125+ K,255,106,255,255,6,1,109.99,109.99,35.01,0.2414
Gilt,79383909,B-BUYER,F,55 - 64,$125+ K,1204,16,1032,268,125,15,1424.96,95,3228.84,0.6938
Gilt,89064006,B-BUYER,F,35 - 44,$100 - $124 K,491,2,491,26,251,6,791.88,131.98,1815.11,0.6962
Gilt,89146669,B-BIGSPENDER,F,65 - 74,$125+ K,483,2,438,339,134,8,1787.93,297.99,15922.22,0.899
Gilt,74908363,B-BIGSPENDER,F,35 - 44,$75 - $99 K,1463,32,1263,313,180,11,2737.42,273.74,3713.07,0.5756
Gilt,40891188,B-BUYER,F,65 - 74,$125+ K,4954,1,3372,158,473,12,1316.98,119.73,1405.02,0.5162
Gilt,90149010,B-BUYER,F,35 - 44,$75 - $99 K,361,2,360,360,28,1,469.99,469.99,105.01,0.1826
Gilt,40338948,B-BUYER,F,45 - 54,$125+ K,4248,156,4248,156,27,3,517.19,172.4,443.8,0.4618
Gilt,80073628,B-BARGAINSHOPPER,F,45 - 54,$40 - $49 K,1147,0,430,6,559,32,1924.2,60.13,12440.26,0.866
Gilt,67506217,B-BUYER,F,45 - 54,$15 - $19 K,4483,10,927,174,49,3,345.98,115.33,579.02,0.626
Gilt,83213864,B-BUYER,F,65 - 74,$125+ K,927,1,907,8,866,6,1393.94,232.32,1719.06,0.5522
Gilt,35022249,B-BUYER,F,45 - 54,$125+ K,4672,312,4032,312,13,5,332,66.4,417.99,0.5573
Gilt,79490463,B-BUYER,F,55 - 64,$50 - $74 K,1196,2,846,103,134,9,1770.88,196.76,662.12,0.2721
Gilt,29831393,B-BUYER,M,65 - 74,$20 - $29 K,4922,3,4863,151,161,11,1873.98,170.36,2887.02,0.6064
Gilt,38545157,B-BUYER,F,45 - 54,$75 - $99 K,4192,3,3641,62,372,8,1601.46,200.18,1292.54,0.4466
Gilt,30165362,B-BARGAINSHOPPER,F,55 - 64,$125+ K,2205,10,1214,220,193,28,2098.52,83.94,8562.38,0.8032
Gilt,41497814,B-BUYER,F,45 - 54,$75 - $99 K,5122,19,5116,191,141,74,7906.44,116.27,14108.93,0.6409
Gilt,91996736,B-BUYER,M,55 - 64,$125+ K,108,3,102,102,22,1,209.98,209.98,60.02,0.2223
Gilt,53454669,B-BUYER,F,35 - 44,$100 - $124 K,5192,318,319,319,2,1,738,738,352,0.3229
Gilt,92039175,B-BUYER,F,25 - 34,$100 - $124 K,103,4,69,44,18,4,448.94,112.24,895.06,0.666
Gilt,76058069,B-BUYER,F,45 - 54,$125+ K,1423,2,1241,165,544,33,5162.28,166.53,9508.71,0.6481
Gilt,85961253,B-BUYER,F,55 - 64,Under $15 K,722,1,568,12,327,5,474.31,94.86,1335.52,0.7379
Gilt,27127936,B-BIGSPENDER,F,55 - 64,$75 - $99 K,3920,10,1789,96,275,11,6663.88,666.39,2913.12,0.3042
Gilt,72161127,B-BARGAINSHOPPER,F,45 - 54,$125+ K,1675,87,1605,308,110,9,1619.82,202.48,5125.05,0.7598
Gilt,43061579,B-BUYER,F,35 - 44,$20 - $29 K,2360,4,2360,5,334,42,8397.53,204.82,13831.67,0.6222
Gilt,40685622,B-BIGSPENDER,F,45 - 54,$40 - $49 K,4469,5,3996,62,154,88,24369.97,427.54,44536.36,0.6463
Gilt,89394831,B-BUYER,F,75 +,$75 - $99 K,455,263,454,263,5,2,699.98,349.99,205.02,0.2265
Gilt,92585196,B-BUYER,M,35 - 44,$50 - $74 K,13,2,13,13,2,1,59.99,59.99,68.01,0.5313
Gilt,54143310,B-BUYER,F,45 - 54,$75 - $99 K,4718,2,4706,89,376,148,11957.72,86.03,14813.55,0.5533
Gilt,29836327,B-BUYER,F,35 - 44,$50 - $74 K,4908,3,1734,81,454,7,755.93,107.99,1829.07,0.7076
Gilt,62622095,B-BUYER,M,65 - 74,$30 - $39 K,4598,97,4598,227,20,6,332.47,66.49,415.53,0.5555
Gilt,32673544,B-BUYER,F,65 - 74,$40 - $49 K,3914,18,3914,259,133,8,763.99,95.5,1912.01,0.7145
Gilt,54503012,B-BUYER,F,25 - 34,$40 - $49 K,5335,11,3871,120,72,45,1859.95,47.69,1971.73,0.5146
Gilt,87957882,B-BUYER,F,35 - 44,$75 - $99 K,591,130,137,137,12,1,49.98,49.98,70.02,0.5835
Gilt,62502457,B-BUYER,F,45 - 54,$20 - $29 K,5288,74,5152,310,40,3,242.99,81,248.01,0.5051
Gilt,28823256,B-BUYER,F,35 - 44,$75 - $99 K,3429,66,2003,264,91,10,1970.9,197.09,1806.79,0.4783
Gilt,33227677,B-BUYER,M,35 - 44,$100 - $124 K,4584,32,4510,303,144,50,5804.24,128.98,12430.71,0.6817
Gilt,85360847,B-BUYER,F,45 - 54,$40 - $49 K,772,1,691,11,371,19,3613.92,225.87,5317.07,0.5954
Gilt,88263355,B-BUYER,F,65 - 74,$75 - $99 K,568,121,530,139,39,17,3000.57,214.33,7552.57,0.7157
Gilt,29559445,B-BUYER,M,45 - 54,$125+ K,4546,13,2835,18,167,21,3387.96,188.22,2766.64,0.4495
Gilt,91498091,B-BIGSPENDER,M,55 - 64,$40 - $49 K,174,3,172,138,37,5,2704.92,540.98,2701.08,0.4996
Gilt,31749566,B-BUYER,F,35 - 44,$50 - $74 K,4762,29,4219,30,30,20,2546,127.3,2392.99,0.4845
Gilt,44669220,B-BUYER,F,45 - 54,$125+ K,3605,47,167,49,150,4,612.93,153.23,2513.87,0.804
Gilt,67630919,B-BUYER,F,55 - 64,$125+ K,4389,7,239,54,66,3,889.96,296.65,1266.74,0.5874
Gilt,46100223,B-BUYER,F,45 - 54,$75 - $99 K,4694,102,4688,178,17,8,1115.96,159.42,1976.04,0.6391
Gilt,40620882,B-BUYER,F,55 - 64,$125+ K,4567,1,3824,358,769,17,1643.95,96.7,2436.05,0.5971
Gilt,40167002,B-BUYER,F,75 +,$20 - $29 K,3758,2,2,2,1,1,198,198,718,0.7838
Gilt,35534396,B-BUYER,F,45 - 54,$75 - $99 K,5251,0,4306,352,502,74,9776.93,132.12,12438.07,0.5599
Gilt,64307728,B-BUYER,F,65 - 74,$50 - $74 K,2810,110,2570,110,390,4,1145.96,286.49,910.04,0.4426
Gilt,79904329,B-BUYER,F,75 +,$125+ K,1161,0,1134,2,759,87,13205.63,155.36,21743.45,0.6221
Gilt,87358046,B-BUYER,M,45 - 54,$50 - $74 K,631,3,163,163,21,1,299.99,299.99,300.01,0.5
Gilt,57860864,B-BUYER,F,55 - 64,$50 - $74 K,2753,288,2714,355,697,11,1878.96,170.81,3694.99,0.6629
Gilt,31705921,B-BARGAINSHOPPER,F,35 - 44,$75 - $99 K,4858,1,4036,3,1122,118,15856.95,160.17,70690.02,0.8168
Gilt,40913465,B-BUYER,F,45 - 54,$100 - $124 K,4902,81,4769,121,210,13,523.97,40.31,639.96,0.5498
Gilt,37215862,B-BUYER,M,45 - 54,$100 - $124 K,4919,48,4851,68,34,21,1918,100.95,2830.99,0.5961
Gilt,87577925,B-BUYER,F,35 - 44,$40 - $49 K,618,0,446,35,236,14,1033.57,73.83,1491.31,0.5906
Gilt,72043460,B-BUYER,F,25 - 34,$125+ K,1685,2,1294,50,704,28,3537.41,131.02,4942.55,0.5829
Gilt,48537180,B-BUYER,F,35 - 44,$50 - $74 K,4411,38,4166,46,262,119,15012.73,131.69,19290.66,0.5624
Gilt,65362687,B-BUYER,F,45 - 54,$125+ K,3186,174,2342,261,25,2,234.99,117.5,335.01,0.5877
Gilt,40923248,B-BUYER,F,45 - 54,$15 - $19 K,4878,12,4615,114,70,3,112.98,37.66,62.02,0.3544
Gilt,82786660,B-BUYER,M,45 - 54,$50 - $74 K,950,3,280,277,126,4,598.96,199.65,3879.04,0.8662
Gilt,91751901,B-BUYER,F,55 - 64,$125+ K,147,146,147,147,2,1,69.99,69.99,105.01,0.6001
Gilt,90501248,B-BUYER,F,75 +,$125+ K,315,114,315,292,32,4,351.97,87.99,575.53,0.6205
Gilt,90394179,B-BUYER,M,35 - 44,$30 - $39 K,327,303,327,327,2,1,104.99,104.99,5.01,0.0455
Gilt,48054080,B-BIGSPENDER,F,45 - 54,$15 - $19 K,3649,27,3641,139,355,116,27639.7,300.43,67861.35,0.7106
Gilt,79542156,B-BUYER,F,65 - 74,$125+ K,1191,1,975,6,819,124,9716.49,87.54,26102.52,0.7287
Gilt,85584700,B-BUYER,F,65 - 74,$75 - $99 K,755,17,20,20,4,1,99.99,99.99,799.01,0.8888
Gilt,31652890,B-BUYER,F,35 - 44,$125+ K,4977,116,3571,330,126,13,1150.97,88.54,1465.03,0.56
Gilt,30658945,B-BUYER,F,35 - 44,$125+ K,3443,155,165,165,13,1,1200,1200,1200,0.5
Gilt,79740148,B-BIGSPENDER,F,45 - 54,$125+ K,1175,21,800,327,142,9,3472.35,434.04,3735.65,0.5183
Gilt,37421112,B-BUYER,F,45 - 54,$125+ K,5097,280,286,286,4,1,359.96,359.96,620.04,0.6327
Gilt,61093845,B-BUYER,F,35 - 44,$125+ K,5605,0,5144,33,1762,246,35568.75,152,41906.15,0.5409
Gilt,27617201,B-BUYER,F,25 - 34,$50 - $74 K,3967,198,2333,203,25,3,467.94,155.98,837.76,0.6416
Gilt,38463397,B-BUYER,F,45 - 54,$100 - $124 K,4293,66,2881,75,52,5,642.99,128.6,797.51,0.5536
Gilt,34579798,B-BUYER,F,65 - 74,$15 - $19 K,3834,2,868,310,197,8,332.95,47.56,655.05,0.663
Gilt,70229529,B-BUYER,F,35 - 44,$75 - $99 K,1811,77,281,281,33,1,636,636,109,0.1463
Gilt,88329442,B-BUYER,M,45 - 54,$50 - $74 K,561,38,269,241,30,3,269.96,89.99,299.94,0.5263
Gilt,39122143,B-BIGSPENDER,M,45 - 54,$50 - $74 K,4782,1,4497,3,564,333,64114.93,263.85,95002.39,0.5971
Gilt,36913717,B-BUYER,F,25 - 34,$125+ K,4593,4,3359,87,160,13,1632.91,125.61,808.54,0.3312
Gilt,28220255,B-BUYER,M,35 - 44,$75 - $99 K,5607,13,5573,320,217,128,18598.73,160.33,25123.62,0.5746
Gilt,42761520,B-BUYER,F,45 - 54,$75 - $99 K,5291,2,4716,14,10,4,689.95,172.49,1007.05,0.5934
Gilt,83996361,B-BUYER,F,55 - 64,$125+ K,881,176,573,327,59,3,231.98,77.33,735.98,0.7603
Gilt,27203138,B-BUYER,F,35 - 44,$125+ K,3824,81,3824,352,94,17,1050.94,65.68,1669.35,0.6137
Gilt,50746094,B-BUYER,F,35 - 44,$75 - $99 K,2906,1,2879,132,42,8,1595.94,227.99,2241.56,0.5841
Gilt,91468221,B-BUYER,F,35 - 44,$15 - $19 K,178,165,178,178,2,1,399,399,191,0.3237
Gilt,40526896,B-BUYER,F,25 - 34,$30 - $39 K,3972,15,3969,291,771,36,7922.95,233.03,7012.05,0.4695
Gilt,30072640,B-BUYER,F,55 - 64,$75 - $99 K,5542,9,5448,223,509,72,14330.48,227.47,19599.35,0.5776
Gilt,49599937,B-BUYER,F,65 - 74,$100 - $124 K,5013,328,5007,353,10,9,836.99,139.5,1184.01,0.5859
Gilt,90789959,B-BUYER,F,35 - 44,$15 - $19 K,265,170,265,265,5,1,84.98,84.98,235.02,0.7344
Gilt,88630027,B-BUYER,F,55 - 64,$125+ K,533,15,510,187,17,2,129.99,129.99,55.01,0.2974
Gilt,55201602,B-BUYER,M,65 - 74,$75 - $99 K,5142,199,4698,215,57,15,1278.98,85.27,1302.91,0.5046
Gilt,26576388,B-BUYER,F,65 - 74,$125+ K,2729,49,2396,144,9,2,418.99,209.5,20.01,0.0456
Gilt,31670201,B-BUYER,F,35 - 44,$100 - $124 K,4940,215,4940,263,10,51,7686.94,170.82,9849.06,0.5616
Gilt,90708165,B-BUYER,M,45 - 54,$75 - $99 K,279,14,172,172,44,1,139.98,139.98,170.02,0.5485
Gilt,85297759,B-BUYER,F,55 - 64,$100 - $124 K,778,91,768,209,542,17,2225.58,139.1,4803.3,0.6834
Gilt,74339329,B-BUYER,F,35 - 44,$75 - $99 K,1491,2,142,24,27,3,1899.93,633.31,665.07,0.2593
Gilt,34612239,B-BUYER,F,35 - 44,$125+ K,3787,129,3786,136,23,11,1555.98,141.45,1050.01,0.4029
Gilt,29225090,B-BUYER,F,45 - 54,$75 - $99 K,4306,28,28,28,1,1,99.99,99.99,50.01,0.3334
Gilt,45321312,B-BUYER,F,45 - 54,$100 - $124 K,4577,0,3649,149,176,7,1657.96,236.85,816.54,0.33
Gilt,66438079,B-BUYER,F,35 - 44,$30 - $39 K,3770,12,1261,225,196,9,748.17,83.13,824.78,0.5244
Gilt,91250459,B-BUYER,F,55 - 64,$30 - $39 K,194,193,194,194,2,1,149.99,149.99,3650.01,0.9605
Gilt,29835275,B-BUYER,F,55 - 64,$100 - $124 K,4910,1,4851,11,274,45,2014.92,47.97,2357.83,0.5392
Gilt,60119303,B-BIGSPENDER,F,35 - 44,$50 - $74 K,4513,7,3960,176,314,11,6724.93,672.49,13828.07,0.6728
Gilt,84843131,B-BUYER,F,35 - 44,$50 - $74 K,815,23,799,73,86,10,2354.89,235.49,4105.61,0.6355
Gilt,51881705,B-BUYER,F,45 - 54,$125+ K,4265,4,4254,144,616,69,4190.71,61.63,6096.39,0.5926
Gilt,29416192,B-BUYER,M,45 - 54,$75 - $99 K,4021,52,70,52,3,2,269.98,134.99,174.02,0.3919
Gilt,28420775,B-BUYER,F,55 - 64,$125+ K,2737,0,2737,46,994,52,7526.62,147.58,6619.36,0.4679
Gilt,47892343,B-BUYER,M,55 - 64,$125+ K,2975,92,2975,124,70,26,3178.29,167.28,5714.27,0.6426
Gilt,31638632,B-BUYER,F,35 - 44,$100 - $124 K,5020,1,4590,10,72,38,6982.59,193.96,9477.8,0.5758
Gilt,90792376,B-BUYER,F,65 - 74,$125+ K,265,11,184,18,16,4,1568.44,392.11,4252.06,0.7305
Gilt,90795587,B-BUYER,F,45 - 54,$50 - $74 K,265,219,265,258,7,2,95.98,47.99,9804.02,0.9903
Gilt,28075614,B-BUYER,F,45 - 54,$75 - $99 K,4724,5,4695,59,180,23,2288.92,104.04,4060.07,0.6395
Gilt,91894602,B-BUYER,M,45 - 54,$125+ K,125,111,125,125,3,1,449.99,449.99,115.01,0.2036
Gilt,39646753,B-BUYER,M,45 - 54,$125+ K,3133,18,272,47,21,2,529.99,265,410.01,0.4362
Gilt,73046415,B-BUYER,F,18 - 24,$125+ K,1602,2,1128,235,331,4,659.96,164.99,297.84,0.311
Gilt,45545208,B-BUYER,F,35 - 44,$50 - $74 K,4401,4,4182,4,31,7,823.85,117.69,1938.02,0.7017
Gilt,63072166,B-BUYER,F,35 - 44,$30 - $39 K,5129,48,5046,53,776,71,4536.02,68.73,9489.34,0.6766
Gilt,37194437,B-BUYER,F,45 - 54,$50 - $74 K,4968,2,1514,2,203,8,574.87,95.81,754.13,0.5674
Gilt,88138024,B-BUYER,F,45 - 54,$125+ K,578,147,578,148,8,3,859.91,286.64,1843.59,0.6819
Gilt,90985901,B-BUYER,F,55 - 64,$125+ K,230,122,230,230,8,1,169.99,169.99,750.01,0.8152
Gilt,90157281,B-BUYER,M,55 - 64,$50 - $74 K,360,4,357,23,51,3,675.98,225.33,524.02,0.4367
Gilt,53556287,B-BUYER,F,25 - 34,$75 - $99 K,5676,215,4959,320,661,84,11486.07,149.17,14866.67,0.5641
Gilt,78297267,B-BIGSPENDER,F,45 - 54,$40 - $49 K,1265,196,1265,268,175,7,3234.72,462.1,55723.25,0.9451
Gilt,41716556,B-BUYER,F,55 - 64,$125+ K,4843,6,4794,161,141,14,1228.99,87.79,1620.95,0.5688
Gilt,37910315,B-BUYER,F,25 - 34,$125+ K,2902,65,2902,66,75,8,612.86,76.61,733.14,0.5447
Gilt,37368354,B-BUYER,F,55 - 64,$75 - $99 K,5307,30,2205,30,28,5,640,128,335,0.3436
Gilt,28637876,B-BUYER,F,35 - 44,$125+ K,2998,14,569,124,42,2,379,189.5,210,0.3565
Gilt,48805042,B-BUYER,F,55 - 64,$20 - $29 K,4226,260,4060,260,6,4,258,64.5,268,0.5095
Gilt,51870041,B-BIGSPENDER,F,45 - 54,$50 - $74 K,4272,83,3745,249,30,6,1441.98,288.4,3388.01,0.7015
Gilt,90811273,B-BUYER,F,55 - 64,$125+ K,262,151,262,203,27,6,600.91,100.15,1289.58,0.6821
Gilt,65363733,B-BUYER,F,35 - 44,$15 - $19 K,3185,2,3023,210,388,33,4725.85,147.68,6086.61,0.5629
Gilt,64187148,B-BIGSPENDER,F,75 +,$50 - $74 K,5522,59,5495,59,419,469,153607.5,381.16,225139.4,0.5944
Gilt,51826265,B-BUYER,F,45 - 54,$50 - $74 K,4303,3,2506,44,657,47,3852.97,87.57,7595.65,0.6635
Gilt,46967465,B-BUYER,F,45 - 54,$125+ K,4923,11,4811,64,122,39,3605.73,94.89,4668.25,0.5642
Gilt,90206186,B-BUYER,F,18 - 24,$125+ K,352,1,71,71,20,1,569.95,569.95,808.05,0.5864
Gilt,29991630,B-BUYER,F,45 - 54,$75 - $99 K,5282,2,4815,166,863,20,972.97,48.65,1578.93,0.6187
Gilt,69256403,B-BUYER,M,25 - 34,$125+ K,1900,49,1503,314,221,5,715.96,178.99,646.04,0.4743
Gilt,91296190,B-BUYER,F,55 - 64,$40 - $49 K,188,188,188,188,1,1,339.98,339.98,1060.02,0.7572
Gilt,74279716,B-BARGAINSHOPPER,F,45 - 54,$20 - $29 K,1496,32,984,233,365,7,605.91,100.99,2349.09,0.795
Gilt,76521299,B-BIGSPENDER,F,55 - 64,$50 - $74 K,1378,3,1254,17,887,46,14480.73,371.3,20058.52,0.5807
Gilt,91412294,B-BUYER,M,65 - 74,$50 - $74 K,181,181,181,181,1,1,29.99,29.99,470.01,0.94
Gilt,90416117,B-BUYER,M,35 - 44,$40 - $49 K,325,8,324,324,3,1,79.96,79.96,88.04,0.524
Gilt,34262450,B-BUYER,F,55 - 64,$125+ K,3560,13,87,85,8,2,179.98,89.99,290.02,0.6171
Gilt,39465485,B-BUYER,F,35 - 44,$15 - $19 K,2810,97,1140,147,319,3,1529.94,509.98,2072.04,0.5753
Gilt,67361499,B-BUYER,F,65 - 74,$125+ K,4588,17,4090,116,434,19,2342.96,123.31,3689.04,0.6116
Gilt,37785582,B-BUYER,F,55 - 64,$125+ K,3161,7,3161,84,140,18,1816.1,100.89,3560.89,0.6622
Gilt,28134104,B-BUYER,F,25 - 34,$50 - $74 K,5326,114,5061,114,118,29,3795.95,135.57,5854.26,0.6066
Gilt,29995186,B-BUYER,F,35 - 44,$75 - $99 K,5265,56,3699,222,33,4,1065.99,266.5,638.01,0.3744
Gilt,33507219,B-BUYER,F,35 - 44,$125+ K,4958,1,4905,9,271,111,17240.81,189.46,17221.49,0.4997
Gilt,53021532,B-BUYER,M,25 - 34,$50 - $74 K,5021,130,3397,353,33,9,561.98,80.28,678.52,0.547
Gilt,44227281,B-BUYER,F,25 - 34,$125+ K,3927,4,3728,274,533,29,2617.77,90.27,5857.12,0.6911
Gilt,70460801,B-BARGAINSHOPPER,F,45 - 54,$40 - $49 K,1797,2,1472,116,697,7,464.16,66.31,1437.24,0.7559
Gilt,26881624,B-BIGSPENDER,F,55 - 64,$100 - $124 K,3555,1,905,4,47,11,10857.18,1085.72,13651.82,0.557
Gilt,91810471,B-BUYER,F,25 - 34,$40 - $49 K,138,119,138,138,7,1,79.99,79.99,4.01,0.0477
Gilt,31843373,B-BUYER,F,55 - 64,$125+ K,5254,3,5009,38,210,27,5677.93,227.12,7657.62,0.5742
Gilt,47992462,B-BUYER,M,35 - 44,$75 - $99 K,4945,57,3962,157,51,19,3288.92,173.1,2915.58,0.4699
Gilt,59401039,B-RETURNER,F,35 - 44,$50 - $74 K,3583,50,2970,61,122,20,2192.95,137.06,3708.05,0.6284
Gilt,29061859,B-BUYER,M,35 - 44,$40 - $49 K,3807,7,3000,328,424,7,880.96,125.85,1120.03,0.5597
Gilt,33494550,B-BUYER,F,25 - 34,$125+ K,4988,69,4924,159,203,80,13414.91,176.51,10061.24,0.4286
Gilt,90834967,B-BUYER,F,45 - 54,$15 - $19 K,258,257,258,258,2,1,35.99,35.99,4264.01,0.9916
Gilt,82856196,B-BUYER,F,35 - 44,$125+ K,946,13,898,63,114,4,672.87,168.22,866.13,0.5628
Gilt,56637458,B-BIGSPENDER,F,25 - 34,$125+ K,2135,28,2037,311,250,6,2538.99,507.8,1516.01,0.3739
Gilt,88534304,B-BARGAINSHOPPER,F,65 - 74,$75 - $99 K,541,5,538,22,101,15,595.44,39.7,11140.41,0.9493
Gilt,46396859,B-BUYER,M,35 - 44,$125+ K,3627,103,3627,142,63,50,3937.96,127.03,6230.83,0.6127
Gilt,55024022,B-BUYER,M,45 - 54,$50 - $74 K,4831,3,3724,159,1181,72,8842.61,126.32,9955.84,0.5296
Gilt,90663281,B-BUYER,F,55 - 64,$125+ K,286,286,286,286,1,1,25.99,25.99,85,0.7658
Gilt,90602345,B-BUYER,M,35 - 44,$75 - $99 K,300,18,209,159,62,4,358.98,89.75,634.02,0.6385
Gilt,90364863,B-BUYER,F,35 - 44,$125+ K,329,269,329,329,5,1,197.98,197.98,122.02,0.3813
Gilt,79632169,B-BUYER,F,55 - 64,$125+ K,1184,0,458,145,778,3,977,325.67,951,0.4933
Gilt,39168076,B-BUYER,F,45 - 54,$30 - $39 K,4703,3,4606,248,1377,64,9686.01,167,10159.15,0.5119
Gilt,36285219,B-BUYER,F,25 - 34,$125+ K,3281,1,2719,155,1340,26,3910.9,156.44,5968.04,0.6041
Gilt,67966985,B-BARGAINSHOPPER,F,65 - 74,$50 - $74 K,4936,1,4189,53,508,89,7670.73,90.24,25244.04,0.767
Gilt,86013494,B-BUYER,F,18 - 24,$50 - $74 K,718,46,710,68,41,3,389.95,129.98,109,0.2185
Gilt,90786673,B-BUYER,F,65 - 74,$50 - $74 K,266,179,262,262,9,1,44.99,44.99,29,0.3919
Gilt,90492571,B-BUYER,F,25 - 34,$75 - $99 K,316,314,315,315,3,1,373.99,373.99,151.01,0.2876
Gilt,36989116,B-BUYER,F,55 - 64,$75 - $99 K,4478,3,3565,63,221,16,3140.81,224.34,6304.15,0.6675
Gilt,31650269,B-BUYER,M,45 - 54,$125+ K,4984,0,4835,109,156,35,5726.95,184.74,5510.48,0.4904
Gilt,27113272,B-BIGSPENDER,M,25 - 34,$125+ K,3938,38,3272,174,178,14,4147.92,319.07,3857.08,0.4818
Gilt,32913765,B-BUYER,F,35 - 44,$125+ K,3581,10,241,209,38,2,642.99,321.5,407.01,0.3876
Gilt,63842000,B-BUYER,M,45 - 54,$125+ K,4378,1,3277,317,602,18,2685.17,149.18,3193.78,0.5433
Gilt,82165986,B-BARGAINSHOPPER,F,25 - 34,$50 - $74 K,987,0,985,10,302,5,658.4,131.68,2089.53,0.7604
Gilt,91975380,B-BUYER,F,45 - 54,Under $15 K,111,17,111,106,10,2,345.45,172.73,521.55,0.6016
Gilt,35198792,B-BUYER,F,35 - 44,$40 - $49 K,4394,93,4375,108,5,2,99.99,50,42.01,0.2958
Gilt,72590902,B-BUYER,F,35 - 44,$125+ K,1641,182,257,235,62,2,1429.99,715,565.01,0.2832
Gilt,53025889,B-RETURNER,F,45 - 54,$20 - $29 K,5014,55,4661,308,70,10,676.94,84.62,880.06,0.5652
Gilt,91649026,B-BUYER,F,45 - 54,$50 - $74 K,157,150,157,157,3,1,34,34,100.99,0.7481
Gilt,61127300,B-BUYER,F,35 - 44,$40 - $49 K,5434,3,4508,31,951,83,8700.96,111.55,13701.01,0.6116
Gilt,26574926,B-BIGSPENDER,F,55 - 64,$50 - $74 K,2733,3,1855,28,218,10,2266.9,283.36,869.1,0.2771
Gilt,37717677,B-BUYER,F,35 - 44,$125+ K,2562,10,2562,152,59,6,1072.96,178.83,2687.28,0.7147
Gilt,61019886,B-BUYER,M,55 - 64,$125+ K,5125,49,5122,50,20,74,13440.94,203.65,18561.1,0.58
Gilt,90243921,B-BUYER,F,45 - 54,$20 - $29 K,346,290,346,291,8,2,169.98,84.99,65.02,0.2767
Gilt,85203612,B-BUYER,F,45 - 54,$75 - $99 K,783,3,783,4,455,70,6412.69,108.69,19071.72,0.7484
Gilt,39304945,B-BUYER,F,65 - 74,$75 - $99 K,5497,88,2844,162,23,3,576.98,192.33,357.97,0.3829
Gilt,67808546,B-BUYER,F,55 - 64,$100 - $124 K,4357,6,4317,54,118,16,3188.7,212.58,5894.3,0.6489
Gilt,40517706,B-BUYER,F,35 - 44,$30 - $39 K,3980,309,3667,309,23,8,1057.9,132.24,783.85,0.4256
Gilt,57291642,B-BUYER,F,25 - 34,$75 - $99 K,4767,0,133,2,34,2,1143,571.5,1858,0.6191
Gilt,30070302,B-BUYER,F,35 - 44,$125+ K,5572,25,5423,311,44,36,3801.95,111.82,5272.55,0.581
Gilt,92493461,B-BUYER,F,35 - 44,$125+ K,29,21,29,29,3,1,389.99,389.99,150.01,0.2778
Gilt,28124831,B-BUYER,F,35 - 44,$125+ K,5371,13,5257,15,20,14,2531,194.69,2153.25,0.4597
Gilt,30387952,B-BUYER,F,45 - 54,$50 - $74 K,3182,12,2322,113,646,38,5793.67,156.59,7251.1,0.5559
Gilt,66806409,B-BUYER,F,55 - 64,$100 - $124 K,4242,212,4194,267,15,2,203,101.5,203.8,0.501
Gilt,33686886,B-BUYER,F,45 - 54,$125+ K,5264,53,5216,76,273,131,24601.69,225.7,29382.87,0.5443
Gilt,64109260,B-BUYER,F,65 - 74,$75 - $99 K,3663,3,3520,213,543,23,1397.41,73.55,3633.49,0.7222
Gilt,35373744,B-BUYER,F,35 - 44,$50 - $74 K,4908,9,2452,11,155,4,99.96,24.99,84.53,0.4582
Gilt,39200420,B-BUYER,F,35 - 44,$125+ K,5369,20,5318,55,321,107,18486.35,194.59,25066.42,0.5755
Gilt,87772195,B-BUYER,M,45 - 54,$125+ K,605,11,24,24,13,1,1799.98,1799.98,3940.02,0.6864
Gilt,43166075,B-BIGSPENDER,F,35 - 44,$100 - $124 K,2788,234,2392,338,330,30,7355.87,272.44,5177.38,0.4131
Gilt,79549598,B-BIGSPENDER,F,35 - 44,$100 - $124 K,1191,10,976,12,83,7,5268.93,752.7,1974.07,0.2725
Gilt,38650768,B-BUYER,F,35 - 44,$40 - $49 K,4012,3,2110,90,29,4,529.97,132.49,416.03,0.4398
Gilt,91629720,B-BUYER,F,65 - 74,Under $15 K,160,108,160,160,4,1,29.99,29.99,100,0.7693
Gilt,91228719,B-BUYER,F,35 - 44,Under $15 K,198,12,198,198,3,1,180,180,70,0.28
Gilt,49934941,B-BUYER,F,55 - 64,$125+ K,2046,2,1905,121,1341,55,10140.1,206.94,14313.9,0.5853
Gilt,60733891,B-BUYER,F,35 - 44,$100 - $124 K,4793,58,1595,241,252,16,2487.48,155.47,2526.52,0.5039
Gilt,90865077,B-BUYER,M,25 - 34,$125+ K,252,252,252,252,1,1,259.99,259.99,255.01,0.4952
Gilt,47290678,B-BUYER,M,35 - 44,$100 - $124 K,5315,8,3849,21,514,31,6657.18,246.56,5347.83,0.4455
Gilt,68276912,B-BUYER,F,35 - 44,$75 - $99 K,5381,262,5332,262,2,2,267,133.5,343,0.5623
Gilt,89889908,B-BUYER,F,45 - 54,$50 - $74 K,397,234,355,354,27,2,72.17,36.09,114.83,0.6141
Gilt,60930884,B-BUYER,F,75 +,$75 - $99 K,5311,175,175,175,11,1,69.99,69.99,105.01,0.6001
Gilt,54292351,B-BUYER,F,45 - 54,$125+ K,3314,302,956,311,57,2,267.93,133.97,498.07,0.6502
Gilt,91977673,B-BUYER,F,18 - 24,$125+ K,111,8,106,106,51,1,77.99,77.99,317.01,0.8026
Gilt,75927785,B-BUYER,F,45 - 54,$125+ K,1432,227,278,278,5,1,59.99,59.99,40.01,0.4001
Gilt,35533272,B-BUYER,F,45 - 54,$75 - $99 K,5257,286,290,290,4,1,259.99,259.99,218.01,0.4561
Gilt,63137047,B-BUYER,F,45 - 54,$125+ K,5539,82,1334,164,30,4,2989.96,1494.98,1145.04,0.2769
Gilt,42306969,B-BUYER,F,35 - 44,$125+ K,4559,16,4477,156,1250,148,12591.7,90.59,19613.95,0.609
Gilt,81603108,B-BUYER,F,45 - 54,$50 - $74 K,1026,1,182,1,66,6,563.42,112.68,896.74,0.6141
Gilt,38765278,B-BUYER,F,75 +,$50 - $74 K,4581,50,265,265,17,1,59.99,59.99,5540.01,0.9893
Gilt,90536064,B-BUYER,F,35 - 44,$50 - $74 K,310,309,309,309,2,1,369.94,369.94,908.06,0.7105
Gilt,67461181,B-BUYER,F,25 - 34,$75 - $99 K,4521,0,4349,16,834,71,7790.2,116.27,16321.82,0.6769
Gilt,31977407,B-BUYER,F,55 - 64,$125+ K,2432,63,557,67,60,6,473.08,118.27,662.9,0.5835
Gilt,52318686,B-BUYER,F,55 - 64,$75 - $99 K,3962,117,118,118,2,1,26.99,26.99,115.01,0.8099
Gilt,41380425,B-BUYER,M,55 - 64,$50 - $74 K,3471,51,2798,129,25,6,334.98,55.83,782.02,0.7001
Gilt,91913721,B-BUYER,F,25 - 34,$125+ K,122,0,115,115,20,1,179.99,179.99,295.01,0.6211
Gilt,90381798,B-BUYER,M,25 - 34,$125+ K,328,239,328,308,11,3,3550.93,1183.64,2025.07,0.3632
Gilt,53198927,B-BUYER,F,35 - 44,$125+ K,4807,15,4759,326,362,27,4896.84,188.34,5001.15,0.5053
Gilt,42635150,B-BUYER,F,25 - 34,$40 - $49 K,4770,198,1143,355,38,6,1024.99,170.83,439.96,0.3003
Gilt,87855498,B-BARGAINSHOPPER,F,35 - 44,$30 - $39 K,599,67,543,326,70,5,290.9,58.18,4041.1,0.9328
Gilt,35053853,B-BUYER,F,45 - 54,$125+ K,4626,109,265,265,10,1,188,188,692,0.7864
Gilt,28705081,B-BUYER,F,65 - 74,$20 - $29 K,2866,14,1287,220,191,6,414.9,69.15,463.05,0.5274
Gilt,39977199,B-BUYER,F,55 - 64,$125+ K,3277,2,3188,35,982,57,7100.31,131.49,8927.12,0.557
Gilt,63032177,B-BUYER,F,25 - 34,$30 - $39 K,3653,34,3306,66,158,64,8556.69,158.46,10091.42,0.5411
Gilt,67934998,B-BUYER,F,65 - 74,$125+ K,4972,3,4416,267,309,6,620.99,103.5,959.41,0.6071
Gilt,90845305,B-BUYER,F,65 - 74,$100 - $124 K,256,256,256,256,1,1,149.99,149.99,0,0
Gilt,62773815,B-BUYER,F,45 - 54,Under $15 K,4807,104,4593,117,7,4,95.98,24,90.01,0.484
Gilt,81239827,B-RETURNER,M,75 +,$50 - $74 K,1055,113,652,266,56,8,4132.98,516.62,1802.02,0.3036
Gilt,46032806,B-BUYER,F,35 - 44,$125+ K,4741,1,4734,293,323,30,3310.34,118.23,4247.16,0.562
Gilt,36002463,B-BUYER,F,25 - 34,$125+ K,3044,2,329,329,54,1,72,72,167,0.6987
Gilt,31320744,B-BUYER,F,55 - 64,$40 - $49 K,3956,4,572,193,491,4,330.96,82.74,621.03,0.6523
Gilt,39085722,B-BIGSPENDER,F,55 - 64,$125+ K,4862,269,4807,270,60,10,3646.94,364.69,5113.06,0.5837
Gilt,39497997,B-BARGAINSHOPPER,F,55 - 64,$30 - $39 K,2729,7,445,178,160,15,1183.84,78.92,5151.14,0.8131
Gilt,61041622,B-BIGSPENDER,F,55 - 64,$125+ K,5091,4,5070,14,240,198,91555.35,500.3,114724.49,0.5562
Gilt,91300044,B-BUYER,F,25 - 34,$100 - $124 K,187,144,187,187,8,1,774,774,516,0.4
Gilt,30253260,B-BIGSPENDER,F,45 - 54,$75 - $99 K,2773,3,2529,140,121,5,2157.7,431.54,2354.75,0.5218
Gilt,29881894,B-BIGSPENDER,F,45 - 54,$125+ K,4807,29,4782,158,177,10,2992.99,332.55,1639.01,0.3538
Gilt,38127456,B-BUYER,F,35 - 44,$100 - $124 K,3288,21,2899,345,104,7,478.99,68.43,256.99,0.3492
Gilt,86121276,B-BUYER,F,45 - 54,$125+ K,710,2,534,3,53,2,1145.93,572.97,563.07,0.3295
Gilt,43655413,B-BUYER,F,35 - 44,$20 - $29 K,2940,3,2940,30,59,2,258.99,129.5,75.01,0.2246
Gilt,40461100,B-BUYER,F,55 - 64,$75 - $99 K,4068,1,3961,103,633,33,2345.99,73.31,5823.48,0.7128
Gilt,64563217,B-BIGSPENDER,F,55 - 64,$50 - $74 K,5056,10,4815,10,456,322,84977.38,315.9,106839.28,0.557
Gilt,51350682,B-BUYER,F,65 - 74,$125+ K,3907,0,3823,58,609,13,1502.98,125.25,2697.02,0.6421
Gilt,28173582,B-BUYER,F,45 - 54,$50 - $74 K,5153,1,3945,229,276,15,1663.03,118.79,2170.97,0.5662
Gilt,91710357,B-BUYER,F,55 - 64,$125+ K,153,153,153,153,1,1,229.98,229.98,5994.02,0.963
Gilt,92059604,B-BUYER,F,45 - 54,$20 - $29 K,99,99,99,99,1,1,444,444,406,0.4776
Gilt,90955064,B-BUYER,F,35 - 44,$75 - $99 K,235,9,235,67,32,3,2134.98,711.66,1060.02,0.3318
Gilt,72874449,B-BIGSPENDER,F,25 - 34,$40 - $49 K,1619,1,927,12,914,9,3389.94,484.28,1611.06,0.3221
Gilt,92054083,B-BUYER,F,75 +,$40 - $49 K,100,96,100,100,4,1,29.99,29.99,90.01,0.7501
Gilt,89848008,B-BUYER,M,25 - 34,$100 - $124 K,402,67,67,67,2,1,26,26,74,0.74
Gilt,61905885,B-BARGAINSHOPPER,F,45 - 54,$125+ K,3928,148,3923,148,112,95,12848.32,149.4,42368.27,0.7673
Gilt,87119040,B-BUYER,F,65 - 74,$100 - $124 K,646,5,643,218,45,2,125.98,62.99,188.02,0.5988
Gilt,42511205,B-BUYER,F,65 - 74,$125+ K,5376,20,5375,38,80,19,3609.14,225.57,5116.31,0.5864
Gilt,26457010,B-BIGSPENDER,F,45 - 54,$75 - $99 K,2297,4,1915,31,745,78,24889.87,345.69,57742.05,0.6988
Gilt,67425102,B-BUYER,F,25 - 34,$20 - $29 K,4537,162,4128,162,25,13,1075.95,89.66,1632.04,0.6027
Gilt,76379900,B-BUYER,F,45 - 54,$50 - $74 K,1393,3,153,153,49,2,261.94,261.94,136.04,0.3418
Gilt,31913835,B-BUYER,F,55 - 64,$40 - $49 K,5601,4,1163,329,317,20,1307.84,65.39,3694.11,0.7385
Gilt,90967982,B-BUYER,F,65 - 74,$15 - $19 K,233,233,233,233,1,1,29.99,29.99,115,0.7932
Gilt,53524895,B-BUYER,F,55 - 64,$125+ K,5069,6,5053,168,827,196,36762.05,210.07,64892.08,0.6384
Gilt,61598456,B-BUYER,F,45 - 54,$50 - $74 K,4459,1,3642,10,84,19,2578.92,143.27,4351.06,0.6279
Gilt,64853632,B-BUYER,M,25 - 34,Under $15 K,1972,3,238,192,292,2,127.98,63.99,7959.01,0.9842
Gilt,39025447,B-BUYER,F,35 - 44,$100 - $124 K,5004,60,4902,233,153,123,16630.68,158.39,16904.96,0.5041
Gilt,84247488,B-BUYER,F,55 - 64,$125+ K,864,57,413,123,34,2,125.97,62.99,154.03,0.5501
Gilt,82322467,B-BUYER,F,45 - 54,$75 - $99 K,977,25,959,45,295,46,5269.99,117.11,8468.43,0.6164
Gilt,40934567,B-BIGSPENDER,F,45 - 54,$50 - $74 K,4853,21,4129,158,267,87,39497.97,580.85,70493.82,0.6409
Gilt,90302359,B-BUYER,F,55 - 64,$40 - $49 K,338,337,338,338,2,1,271.99,271.99,68.01,0.2
Gilt,35706977,B-BUYER,F,25 - 34,$125+ K,2179,177,2120,352,160,5,297.97,59.59,775.01,0.7223
Gilt,87752655,B-BUYER,M,45 - 54,$75 - $99 K,606,109,602,270,19,3,62.98,31.49,290.02,0.8216
Gilt,74477160,B-BUYER,F,75 +,$100 - $124 K,1479,225,1272,329,145,6,1362.87,227.15,1894.53,0.5816
Gilt,82126242,B-BUYER,F,35 - 44,$40 - $49 K,989,1,323,107,139,4,622.89,155.72,2240.71,0.7825
Gilt,77978374,B-BUYER,F,25 - 34,$125+ K,1296,93,93,93,10,1,928,928,522,0.36
Gilt,60949771,B-BIGSPENDER,F,55 - 64,$125+ K,5271,54,5250,258,23,29,10403.98,358.76,11719.02,0.5297
Gilt,37415298,B-BIGSPENDER,F,25 - 34,$40 - $49 K,5114,1,2601,48,343,32,11759.37,391.98,16196.84,0.5794
Gilt,86833978,B-BIGSPENDER,F,25 - 34,$125+ K,666,13,642,135,144,5,3854.26,770.85,6965.73,0.6438
Gilt,92497661,B-BUYER,F,55 - 64,$125+ K,28,21,28,28,2,1,329.98,329.98,317.02,0.49
Gilt,49862069,B-BUYER,F,65 - 74,$125+ K,5230,6,3977,9,639,56,3954.56,71.9,7794.33,0.6634
Gilt,67955310,B-BUYER,M,25 - 34,$20 - $29 K,4947,8,4934,8,150,42,6074.79,168.74,11297.79,0.6503
Gilt,45852749,B-BUYER,F,25 - 34,$125+ K,4952,3,4611,290,231,39,4219.89,111.05,5402.51,0.5615
Gilt,30088837,B-BUYER,F,45 - 54,$125+ K,5813,3,5434,3,403,85,9596.76,129.69,14973.64,0.6094
Gilt,79294074,B-BUYER,F,45 - 54,$50 - $74 K,1210,152,681,204,58,3,413.15,137.72,832.05,0.6682
Gilt,91938276,B-BUYER,F,65 - 74,$50 - $74 K,118,107,118,118,5,1,80.97,80.97,345.03,0.8099
Gilt,34544556,B-BUYER,F,35 - 44,$75 - $99 K,3882,32,3691,121,11,4,504.98,126.25,698.02,0.5802
Gilt,37230960,B-BARGAINSHOPPER,F,35 - 44,$125+ K,4882,12,4865,173,294,33,2146.89,69.25,6892.36,0.7625
Gilt,32216579,B-BUYER,M,65 - 74,$125+ K,3207,165,382,338,14,4,567.97,141.99,443.03,0.4382
Gilt,52628644,B-BUYER,F,65 - 74,$75 - $99 K,4465,97,4297,120,134,28,3699.69,132.13,6593.16,0.6406
Gilt,82744326,B-BUYER,F,65 - 74,$125+ K,952,1,856,8,303,26,3161.71,150.56,5451.39,0.6329
Gilt,78669826,B-BUYER,F,55 - 64,$75 - $99 K,1257,12,1165,182,174,7,935.93,133.7,1378.07,0.5955
Gilt,53518647,B-BUYER,F,45 - 54,$125+ K,5081,167,3178,186,7,3,313.47,104.49,294.53,0.4844
Gilt,30340826,B-BIGSPENDER,M,45 - 54,$100 - $124 K,2543,2,2395,3,1198,52,19553.35,376.03,13096.6,0.4011
Gilt,48329620,B-BUYER,F,45 - 54,$100 - $124 K,5347,11,3608,333,59,3,262.98,87.66,457.02,0.6348
Gilt,90430748,B-BUYER,M,45 - 54,$15 - $19 K,324,261,324,324,5,1,346,346,454,0.5675
Gilt,68505027,B-BUYER,F,35 - 44,$50 - $74 K,5429,53,1698,110,1025,41,7307.34,178.23,5488.55,0.4289
Gilt,78301073,B-BUYER,F,45 - 54,$75 - $99 K,1265,12,1142,25,504,90,13629.39,181.73,40690.91,0.7491
Gilt,80625318,B-BUYER,F,45 - 54,$50 - $74 K,1101,3,1016,58,100,2,271.95,135.98,613.05,0.6927
Gilt,67870303,B-BUYER,F,65 - 74,$75 - $99 K,4326,2,4204,7,1465,236,24039.47,111.29,68924.36,0.7414
Gilt,29225070,B-BUYER,F,45 - 54,Under $15 K,4306,1,4276,28,1240,189,25519.59,156.56,50333.97,0.6636
Gilt,80975401,B-BUYER,F,35 - 44,$125+ K,1073,9,1072,319,22,3,1422.94,474.31,1664.04,0.5391
Gilt,53380136,B-BUYER,M,45 - 54,$20 - $29 K,5364,22,5182,225,23,6,381.99,63.67,813,0.6803
Gilt,49739612,B-BIGSPENDER,F,35 - 44,$75 - $99 K,5240,2,4257,275,778,49,12618.72,315.47,17639.08,0.583
Gilt,91042717,B-BUYER,F,45 - 54,$75 - $99 K,221,40,221,219,23,2,343.97,171.99,321.03,0.4828
Gilt,60014535,B-BUYER,F,45 - 54,$125+ K,4587,45,4532,313,45,22,2308.98,104.95,3703.07,0.6159
Gilt,80497435,B-BIGSPENDER,M,45 - 54,$15 - $19 K,1110,1,950,23,481,43,11140.46,278.51,15274.93,0.5783
Gilt,92561858,B-BUYER,F,35 - 44,$100 - $124 K,17,17,17,17,1,1,99.99,99.99,40.01,0.2858
Gilt,27948265,B-BUYER,F,35 - 44,$50 - $74 K,5011,4,5010,38,106,51,4667.9,95.26,7287.38,0.6096
Gilt,92241427,B-BUYER,F,25 - 34,$125+ K,68,11,68,68,3,1,109,109,366,0.7705
Gilt,29875221,B-BUYER,F,35 - 44,$40 - $49 K,4819,25,3246,355,66,9,939.97,104.44,884.03,0.4847
Gilt,91045191,B-BUYER,F,45 - 54,$50 - $74 K,221,18,192,18,38,3,660.97,220.32,1289.03,0.661
Gilt,78876089,B-BUYER,F,35 - 44,$100 - $124 K,1243,2,1241,14,257,14,719.77,51.41,893.14,0.5537
Gilt,60194305,B-BUYER,F,55 - 64,$75 - $99 K,4456,0,185,185,29,1,129.99,129.99,30.01,0.1876
Gilt,82066319,B-BARGAINSHOPPER,F,55 - 64,$50 - $74 K,993,77,993,146,16,7,611.9,87.41,20526.01,0.9711
Gilt,86806122,B-BUYER,F,35 - 44,$75 - $99 K,669,18,244,244,10,1,459.99,459.99,160.01,0.2581
Gilt,38873459,B-BUYER,F,45 - 54,$125+ K,4416,62,4416,267,13,2,112.99,56.5,157.01,0.5815
Gilt,89726061,B-BUYER,F,25 - 34,$125+ K,416,20,207,179,60,3,660.96,220.32,1369.04,0.6744
Gilt,90236681,B-BUYER,F,35 - 44,$100 - $124 K,347,71,347,347,10,1,58.99,58.99,21.01,0.2626
Gilt,60679958,B-BUYER,F,65 - 74,$75 - $99 K,4854,39,3594,255,299,6,592.98,98.83,639.02,0.5187
Gilt,51019523,B-BUYER,F,55 - 64,$75 - $99 K,3435,4,33,4,15,3,422.99,141,1166.01,0.7338
Gilt,57025164,B-BUYER,F,55 - 64,$125+ K,4845,1,4202,80,723,10,1737.83,173.78,3055.17,0.6374
Gilt,45220931,B-BIGSPENDER,F,18 - 24,$30 - $39 K,4668,2,1861,158,43,5,1729.97,345.99,1109.03,0.3906
Gilt,48534573,B-BARGAINSHOPPER,F,65 - 74,$125+ K,2433,31,2424,358,109,7,587.96,83.99,2023.02,0.7748
Gilt,56611194,B-BUYER,M,55 - 64,$50 - $74 K,3618,2,3310,124,250,20,3469.2,182.59,5927.8,0.6308
Gilt,90964474,B-BUYER,F,65 - 74,$50 - $74 K,234,65,234,234,2,1,139.99,139.99,45.01,0.2433
Gilt,26861769,B-BUYER,F,45 - 54,Under $15 K,2858,6,2699,31,443,17,1916.28,112.72,3210.71,0.6262
Gilt,89827731,B-BUYER,F,35 - 44,Under $15 K,405,61,183,107,25,3,449.96,149.99,841.04,0.6515
Gilt,63196142,B-BUYER,F,65 - 74,$50 - $74 K,4432,6,749,14,33,3,738.45,246.15,559.55,0.4311
Gilt,33863599,B-BUYER,F,55 - 64,$40 - $49 K,2169,5,1046,106,232,5,753.96,188.49,1403.52,0.6505
Gilt,29505582,B-BUYER,M,65 - 74,$75 - $99 K,4645,11,4549,85,112,17,2633.94,164.62,2859.06,0.5205
Gilt,28796589,B-BUYER,F,55 - 64,$20 - $29 K,3465,1,3451,18,1668,145,20119.1,166.27,37527.84,0.651
Gilt,26616365,B-BUYER,F,35 - 44,$125+ K,2619,0,2619,275,686,6,189.97,31.66,483.03,0.7177
Gilt,29450369,B-BUYER,F,35 - 44,$75 - $99 K,3975,155,3926,164,15,2,276,138,179,0.3934
Gilt,90086485,B-BUYER,F,55 - 64,$125+ K,370,2,262,87,43,3,403.9,134.63,1349.1,0.7696
Gilt,81630229,B-BUYER,F,45 - 54,$50 - $74 K,1024,3,426,3,20,4,470.95,117.74,6638.05,0.9338
Gilt,76582807,B-BUYER,F,25 - 34,$50 - $74 K,1373,92,1133,145,46,2,195,97.5,1899,0.9069
Gilt,29907680,B-BUYER,F,45 - 54,$125+ K,4752,34,4740,52,158,49,7860.9,178.66,9795.1,0.5548
Gilt,70075736,B-BIGSPENDER,F,55 - 64,$125+ K,1823,38,1529,66,42,5,1571.77,314.35,931.1,0.372
Gilt,40238524,B-BUYER,F,75 +,$75 - $99 K,3647,9,3595,25,239,21,869.25,45.75,1274.74,0.5946
Gilt,92639813,B-BUYER,F,45 - 54,$50 - $74 K,5,4,5,5,2,1,99.99,99.99,50.01,0.3334
Gilt,87503137,B-BUYER,F,35 - 44,$50 - $74 K,622,316,328,328,7,1,25,25,370,0.9367
Gilt,83249298,B-BUYER,F,35 - 44,$50 - $74 K,925,109,925,152,62,6,1463.95,243.99,786.05,0.3494
Gilt,35145301,B-BUYER,F,45 - 54,$125+ K,4477,87,747,90,40,2,298.98,149.49,580.02,0.6599
Gilt,87699080,B-BUYER,M,55 - 64,$50 - $74 K,610,13,554,61,120,11,984.91,98.49,1327.59,0.5741
Gilt,86725723,B-BUYER,F,25 - 34,$40 - $49 K,675,45,557,150,29,4,688.94,172.24,698.06,0.5033
Gilt,35612548,B-BIGSPENDER,F,35 - 44,$100 - $124 K,5510,10,5508,111,262,158,33507.7,259.75,37707.86,0.5295
Gilt,90326843,B-BUYER,M,55 - 64,$40 - $49 K,335,310,335,335,6,1,179.98,179.98,918.02,0.8361
Gilt,49166149,B-BUYER,F,65 - 74,$125+ K,5331,61,5328,61,287,13,2018.97,155.31,2346.01,0.5375
Gilt,81672315,B-BUYER,F,65 - 74,$125+ K,1020,123,191,191,52,1,134,134,65,0.3266
Gilt,88667337,B-BUYER,F,65 - 74,$40 - $49 K,529,5,462,89,81,3,299.97,99.99,488.03,0.6193
Gilt,63561894,B-BUYER,F,35 - 44,$125+ K,3660,9,247,247,8,1,699,699,426,0.3787
Gilt,43175679,B-BUYER,F,45 - 54,$125+ K,2765,10,2022,274,293,3,596.99,199,338.01,0.3615
Gilt,67311367,B-BUYER,F,45 - 54,$125+ K,4638,153,4266,270,72,8,184.99,30.83,300.2,0.6187
Gilt,69829345,B-BUYER,M,45 - 54,$20 - $29 K,1844,82,88,88,26,1,33,33,96,0.7442
Gilt,46710309,B-BIGSPENDER,F,25 - 34,$20 - $29 K,5082,25,5004,111,426,218,52314.6,252.73,65156.91,0.5547
Gilt,35528227,B-BUYER,F,45 - 54,$75 - $99 K,5284,179,4997,179,389,34,3622.93,134.18,5990.07,0.6231
Gilt,73226950,B-BIGSPENDER,F,45 - 54,$75 - $99 K,1585,1,496,11,62,10,2845.8,316.2,5697.19,0.6669
Gilt,26703188,B-BUYER,F,65 - 74,$125+ K,3169,44,1232,172,615,16,930.85,62.06,1320.14,0.5865
Gilt,61587215,B-BIGSPENDER,F,45 - 54,$40 - $49 K,2878,7,1410,7,360,30,15754.92,605.96,15469.66,0.4954
Gilt,27540224,B-BUYER,F,45 - 54,$125+ K,4069,15,4027,29,140,61,13336.1,242.47,17934.05,0.5735
Gilt,92160560,B-BUYER,M,55 - 64,$75 - $99 K,82,77,77,77,2,1,59.99,59.99,200.01,0.7693
Gilt,45486863,B-BIGSPENDER,F,45 - 54,$125+ K,4450,7,715,21,246,5,1462.97,292.59,1780.03,0.5489
Gilt,35391388,B-BUYER,F,35 - 44,$75 - $99 K,4869,7,7,7,12,1,194.98,194.98,140.02,0.418
Gilt,92140516,B-BUYER,M,35 - 44,$125+ K,86,86,86,86,1,1,499.99,499.99,270.01,0.3507
Gilt,53570836,B-BUYER,F,35 - 44,$100 - $124 K,5576,1,5318,123,428,75,13775.91,186.16,16791.69,0.5493
Gilt,56497909,B-BIGSPENDER,F,45 - 54,$125+ K,5060,4,2533,74,721,13,3568.86,356.89,3601.74,0.5023
Gilt,48792746,B-BUYER,F,45 - 54,$125+ K,2032,3,2032,167,97,4,374.97,93.74,505.03,0.5739
Gilt,55523738,B-BUYER,F,55 - 64,$125+ K,5220,143,5173,156,106,53,7108.81,139.39,8795.73,0.553
Gilt,84718320,B-BUYER,F,35 - 44,$20 - $29 K,825,216,663,323,19,2,237,118.5,303,0.5611
Gilt,91247733,B-BUYER,F,55 - 64,$50 - $74 K,195,194,195,195,2,1,149.99,149.99,3650.01,0.9605
Gilt,54505169,B-BUYER,F,65 - 74,$75 - $99 K,4809,19,4660,230,303,12,571.9,57.19,1127.1,0.6634
Gilt,46825226,B-BUYER,F,35 - 44,$75 - $99 K,5346,54,4830,267,20,25,1653.45,75.16,2621.54,0.6132
Gilt,68431881,B-BUYER,M,55 - 64,$20 - $29 K,5067,17,3747,328,31,6,863.96,172.79,611.04,0.4143
Gilt,30411622,B-BARGAINSHOPPER,F,45 - 54,$125+ K,3147,2,955,20,338,5,387.68,77.54,4710.3,0.924
Gilt,42852842,B-BUYER,F,65 - 74,$75 - $99 K,3519,12,117,19,67,5,639.97,127.99,1364.02,0.6807
Gilt,33982911,B-BUYER,F,45 - 54,$75 - $99 K,2674,2,2606,36,32,3,420.99,140.33,587.01,0.5824
Gilt,40919926,B-BUYER,F,35 - 44,$125+ K,4886,19,4810,355,41,16,1715.98,122.57,2432.42,0.5864
Gilt,85024565,B-BUYER,F,35 - 44,$50 - $74 K,798,1,798,6,154,3,105.97,35.32,162.03,0.6046
Gilt,64351209,B-BIGSPENDER,F,45 - 54,$125+ K,4224,1,2451,16,1191,67,16284.38,266.96,19049.11,0.5391
Gilt,35033814,B-BUYER,F,35 - 44,$125+ K,4657,1,4653,158,351,181,31705.72,195.71,39976.87,0.5577
Gilt,65779645,B-BUYER,F,55 - 64,$40 - $49 K,3523,4,1714,49,107,5,990.91,198.18,1215.09,0.5508
Gilt,62739973,B-BUYER,F,45 - 54,$125+ K,4026,222,223,223,2,1,59.98,59.98,130,0.6843
Gilt,90919620,B-BUYER,F,45 - 54,$50 - $74 K,241,91,203,203,10,1,319.98,319.98,398.02,0.5543
Gilt,32119198,B-BUYER,F,45 - 54,$125+ K,2723,39,2104,270,31,3,2937.98,979.33,2479.02,0.4576
Gilt,65136018,B-BUYER,M,55 - 64,$20 - $29 K,2740,2,2728,323,1171,59,5689,113.78,8336.74,0.5944
Gilt,90852206,B-BUYER,F,45 - 54,$75 - $99 K,255,249,255,255,3,1,99.99,99.99,75.01,0.4286
Gilt,90071286,B-BUYER,F,55 - 64,$100 - $124 K,372,212,277,277,6,1,37,37,212.99,0.852
Gilt,53383974,B-BIGSPENDER,F,45 - 54,$40 - $49 K,5353,40,4284,68,100,21,5944.85,297.24,6891.93,0.5369
Gilt,84634487,B-BUYER,F,25 - 34,$125+ K,832,11,151,143,120,2,382.44,191.22,828.56,0.6842
Gilt,65770510,B-BUYER,F,65 - 74,$125+ K,3530,27,3040,41,369,72,12109.4,192.21,19436.58,0.6161
Gilt,39734460,B-BUYER,F,55 - 64,$75 - $99 K,2953,104,303,254,21,2,1007,503.5,563,0.3586
Gilt,81393683,B-BUYER,F,35 - 44,$40 - $49 K,1047,9,897,262,195,3,922.97,307.66,267.03,0.2244
Gilt,80566555,B-BUYER,M,55 - 64,$100 - $124 K,1105,18,495,284,67,2,669.98,334.99,275.02,0.291
Gilt,85291353,B-BIGSPENDER,F,45 - 54,$50 - $74 K,778,1,612,177,111,9,3079.91,384.99,3940.09,0.5613
Gilt,30696614,B-BUYER,F,25 - 34,$100 - $124 K,3379,1,1190,14,1388,48,7850.58,174.46,15675.3,0.6663
Gilt,39313001,B-BUYER,F,55 - 64,$50 - $74 K,5427,2,3909,138,1379,103,16277.45,162.77,24205.94,0.5979
Gilt,33841614,B-BUYER,M,55 - 64,$30 - $39 K,2306,54,2149,214,73,3,497.99,166,1052.01,0.6787
Gilt,41391128,B-BUYER,F,35 - 44,$125+ K,5420,86,4024,114,55,47,7899.9,183.72,10557.5,0.572
Gilt,91564422,B-BUYER,F,65 - 74,$50 - $74 K,167,167,167,167,1,1,69.99,69.99,925.01,0.9297
Gilt,91295682,B-BUYER,F,45 - 54,$100 - $124 K,188,1,146,47,159,6,323.93,53.99,469.72,0.5918
Gilt,84628954,B-BIGSPENDER,F,65 - 74,$50 - $74 K,832,2,705,39,195,19,4545.62,252.53,5759.37,0.5589
Gilt,91413577,B-BUYER,F,65 - 74,$30 - $39 K,181,43,181,181,4,1,29.99,29.99,470.01,0.94
Gilt,69803361,B-BUYER,F,25 - 34,$20 - $29 K,1847,7,215,36,113,4,1346.95,448.98,333.05,0.1982
Gilt,69722030,B-BIGSPENDER,F,25 - 34,$50 - $74 K,1854,13,1293,119,811,21,6359.7,317.99,3477.3,0.3535
Gilt,31057354,B-BUYER,F,45 - 54,$125+ K,3596,150,1094,318,283,4,596.98,149.25,636.02,0.5158
Gilt,60344953,B-BUYER,F,35 - 44,$50 - $74 K,4369,22,4347,314,1187,264,38288.48,186.77,69435.97,0.6446
Gilt,44942619,B-BUYER,F,35 - 44,$20 - $29 K,4149,10,4145,41,40,57,7134.94,148.64,10520.98,0.5959
Gilt,84671325,B-BUYER,M,35 - 44,$50 - $74 K,829,12,808,236,95,3,292.96,97.65,707.04,0.707
Gilt,90363191,B-BUYER,F,55 - 64,$75 - $99 K,330,163,216,215,10,2,329.97,164.99,1510.02,0.8207
Gilt,33577362,B-BIGSPENDER,F,35 - 44,$125+ K,4801,226,4780,226,5,45,11058.97,257.19,12307.93,0.5267
Gilt,42775553,B-BUYER,F,55 - 64,$75 - $99 K,2904,64,2815,100,75,10,889.94,88.99,1975.06,0.6894
Gilt,45998662,B-BUYER,F,35 - 44,$50 - $74 K,4781,20,4675,89,122,62,6581.84,121.89,9292.27,0.5854
Gilt,61725319,B-BIGSPENDER,F,65 - 74,$125+ K,3232,15,2482,96,119,13,8052.22,619.4,12648.59,0.611
Gilt,86452827,B-BUYER,M,55 - 64,$125+ K,689,165,204,204,4,1,39.99,39.99,40.01,0.5001
Gilt,27710295,B-BUYER,F,45 - 54,$50 - $74 K,4551,74,1676,165,450,4,854.95,213.74,749.04,0.467
Gilt,67069238,B-BIGSPENDER,F,35 - 44,$125+ K,4046,6,1353,190,157,7,3115.92,623.18,1762.08,0.3612
Gilt,44170671,B-BUYER,M,35 - 44,$50 - $74 K,3238,1,3235,3,1525,83,9125.45,114.07,14130.16,0.6076
Gilt,91297813,B-BUYER,F,45 - 54,Under $15 K,187,187,187,187,1,1,209.98,209.98,1490.01,0.8765
Gilt,72304496,B-BARGAINSHOPPER,F,45 - 54,$75 - $99 K,1663,8,1640,324,285,8,1332.68,166.59,9791.52,0.8802
Gilt,49683351,B-BUYER,F,45 - 54,$75 - $99 K,4407,10,4088,157,538,29,2622.93,90.45,5717.76,0.6855
Gilt,90903875,B-BUYER,F,55 - 64,$40 - $49 K,244,244,244,244,1,1,679.99,679.99,115.01,0.1447
Gilt,51336636,B-BUYER,F,55 - 64,$20 - $29 K,3915,5,264,138,42,2,94.35,47.18,605.64,0.8652
Gilt,27553756,B-BUYER,F,55 - 64,$125+ K,4046,12,97,97,35,1,199.98,199.98,570.02,0.7403
Gilt,42264117,B-BUYER,F,45 - 54,$125+ K,2633,16,24,24,11,1,429.97,429.97,547.03,0.5599
Gilt,90902008,B-BUYER,F,55 - 64,$125+ K,245,1,232,22,175,18,1270.87,70.6,3183.11,0.7147
Gilt,37249281,B-BUYER,F,45 - 54,$15 - $19 K,4839,218,4737,312,7,28,4099.39,186.34,4227.05,0.5077
Gilt,37727020,B-BUYER,M,55 - 64,$125+ K,2534,3,2148,128,450,70,13464.27,224.4,24535.15,0.6457
Gilt,54478072,B-BUYER,F,35 - 44,$50 - $74 K,5250,4,3677,34,532,33,5168.52,184.59,4336.45,0.4562
Gilt,35454386,B-BUYER,F,75 +,$75 - $99 K,4728,17,2532,236,396,26,4488.9,187.04,3251.1,0.42
Gilt,41474389,B-BUYER,F,45 - 54,$50 - $74 K,5170,10,4954,262,29,16,1636.97,102.31,1736.52,0.5148
Gilt,30546945,B-BUYER,F,45 - 54,$50 - $74 K,2875,29,2142,59,432,128,27899.44,246.9,57350.13,0.6727
Gilt,81614433,B-BUYER,F,45 - 54,$40 - $49 K,1025,1,1011,18,375,14,2430.84,220.99,1836.65,0.4304
Gilt,35524091,B-BUYER,F,55 - 64,$50 - $74 K,5303,17,4617,109,47,10,974.94,97.49,1636.06,0.6266
Gilt,73522892,B-BUYER,F,75 +,$50 - $74 K,1556,2,1441,36,490,42,2856.66,81.62,5353.33,0.6521
Gilt,52740300,B-BIGSPENDER,F,35 - 44,$125+ K,4376,1,3580,10,916,90,53987.39,650.45,47798.74,0.4696
Gilt,37325021,B-BUYER,F,35 - 44,$100 - $124 K,4700,1,4386,141,513,55,11525.35,221.64,13329.34,0.5363
Gilt,37994448,B-BUYER,F,45 - 54,$15 - $19 K,3509,0,1049,13,952,78,8185.68,107.71,12964.23,0.613
Gilt,27704258,B-BUYER,F,25 - 34,$125+ K,4561,44,4438,58,25,15,1908.98,146.84,2904.02,0.6034
Gilt,28175379,B-BUYER,F,45 - 54,$100 - $124 K,5146,2,5040,4,1125,336,48949.38,172.97,58988.94,0.5465
Gilt,37679022,B-BUYER,M,18 - 24,$50 - $74 K,2661,28,1989,169,218,15,1459.88,112.3,1400.62,0.4896
Gilt,90836318,B-BUYER,M,45 - 54,$20 - $29 K,258,14,115,115,29,1,109.99,109.99,685.01,0.8616
Gilt,45746951,B-BUYER,F,45 - 54,$20 - $29 K,4339,142,3563,325,151,51,9449.78,214.77,17933.68,0.6549
Gilt,35388070,B-BUYER,F,55 - 64,$75 - $99 K,4875,5,4407,109,247,15,1833.96,122.26,2009.03,0.5228
Gilt,85600175,B-BARGAINSHOPPER,F,65 - 74,$125+ K,754,0,732,24,223,43,3984.82,120.75,22075.28,0.8471
Gilt,34925556,B-BUYER,F,45 - 54,$100 - $124 K,4069,102,4069,257,20,10,611.99,68,650.96,0.5154
Gilt,40451531,B-BUYER,M,65 - 74,$100 - $124 K,4084,129,3992,227,52,12,2411.98,201,2418.02,0.5006
Gilt,46494222,B-BUYER,F,55 - 64,$75 - $99 K,5140,14,316,183,18,3,4508.95,2254.48,1646.05,0.2674
Gilt,42493164,B-BIGSPENDER,F,25 - 34,$50 - $74 K,4865,13,2800,340,272,6,1916.97,319.5,2098.03,0.5225
Gilt,46151294,B-BUYER,F,35 - 44,$50 - $74 K,5354,4,5173,36,333,103,8345.54,83.46,9227.14,0.5251
Gilt,31935063,B-BUYER,F,35 - 44,$100 - $124 K,5811,97,3533,117,26,26,2405.99,114.57,2156.01,0.4726
Gilt,60761674,B-BARGAINSHOPPER,F,55 - 64,$125+ K,4764,19,4529,156,89,9,879.96,110,5120.04,0.8533
Gilt,90519488,B-BUYER,F,35 - 44,$75 - $99 K,313,56,313,313,3,1,199.99,199.99,399.01,0.6661
Gilt,69574923,B-BUYER,M,55 - 64,$75 - $99 K,1866,3,1571,203,426,10,843.9,84.39,1012.1,0.5453
Gilt,35416996,B-BUYER,F,35 - 44,$125+ K,4810,10,4457,24,26,17,3122.98,195.19,2214.31,0.4149
Gilt,92348540,B-BUYER,M,65 - 74,$40 - $49 K,51,44,51,51,4,1,79.99,79.99,239.97,0.75
Gilt,31890525,B-BUYER,M,65 - 74,$40 - $49 K,5079,207,5079,207,85,28,4437.95,170.69,4638.05,0.511
Gilt,39296157,B-BUYER,F,35 - 44,$100 - $124 K,5593,14,5234,227,164,27,2064.99,79.42,2611.01,0.5584
Gilt,27961314,B-BUYER,M,25 - 34,$125+ K,4975,16,4969,110,441,73,8118.15,128.86,15301.22,0.6534
Gilt,30949950,B-BUYER,F,35 - 44,$100 - $124 K,3740,1,135,135,37,1,139.99,139.99,190.01,0.5758
Gilt,29875050,B-BUYER,F,35 - 44,$100 - $124 K,4820,82,124,124,11,1,79.99,79.99,415.01,0.8384
Gilt,37824668,B-BUYER,F,35 - 44,$50 - $74 K,3093,1,984,22,479,26,4114.3,171.43,5988.81,0.5928
Gilt,69257370,B-BUYER,F,65 - 74,$125+ K,1900,6,1860,137,652,148,12419.62,94.81,23178.62,0.6511
Gilt,57083593,B-BUYER,F,35 - 44,$50 - $74 K,2010,16,2010,315,81,3,105.98,35.33,171.01,0.6174
Gilt,90482328,B-BUYER,M,18 - 24,Under $15 K,318,312,312,312,2,1,59.99,59.99,20.01,0.2501
Gilt,67011804,B-BIGSPENDER,F,25 - 34,$125+ K,4091,3,4091,19,140,24,6025.8,261.99,9133.2,0.6025
Gilt,63712091,B-BUYER,F,45 - 54,$20 - $29 K,5066,10,5054,270,401,63,7121.97,120.71,7725.86,0.5203
Gilt,29674686,B-RETURNER,F,55 - 64,$125+ K,4369,1,4366,13,860,197,56770.13,320.74,95193.47,0.6264
Gilt,83306462,B-BIGSPENDER,F,55 - 64,$30 - $39 K,922,18,732,117,339,8,2799.13,399.88,2342.87,0.4556
Gilt,27321617,B-BUYER,M,35 - 44,$40 - $49 K,3641,13,3585,275,80,41,7701.95,248.45,13581.14,0.6381
Gilt,78926951,B-BUYER,F,35 - 44,$40 - $49 K,1239,16,1231,319,574,17,3337.44,222.5,7399.1,0.6892
Gilt,31811644,B-BUYER,M,55 - 64,$50 - $74 K,5403,65,3997,248,119,9,830,92.22,992,0.5445
Gilt,83666669,B-BUYER,F,45 - 54,$75 - $99 K,900,223,352,352,66,1,99,99,351,0.78
Gilt,60641238,B-BIGSPENDER,F,45 - 54,$100 - $124 K,4899,127,4720,206,54,24,6666.83,289.86,14046.49,0.6781
Gilt,88766165,B-BUYER,F,45 - 54,$15 - $19 K,520,37,513,314,39,3,211.96,105.98,1537.04,0.8788
Gilt,32819733,B-RETURNER,F,35 - 44,$20 - $29 K,3702,6,1119,291,375,12,1768.39,176.84,6678.6,0.7906
Gilt,30000512,B-BUYER,F,65 - 74,$125+ K,5239,5,5181,21,822,368,52841.85,154.06,83568.23,0.6126
Gilt,82989417,B-BUYER,M,45 - 54,$125+ K,939,100,100,100,6,1,95.99,95.99,99.01,0.5077
Gilt,69680272,B-BUYER,F,35 - 44,$75 - $99 K,1857,67,782,112,102,14,3014.73,231.9,4386.77,0.5927
Gilt,41380836,B-BUYER,F,25 - 34,$20 - $29 K,4153,307,316,316,7,1,152.48,152.48,522.52,0.7741
Gilt,48294089,B-BUYER,M,35 - 44,Under $15 K,5322,8,5322,21,92,10,836.98,93,853.97,0.505
Gilt,84746261,B-BUYER,F,25 - 34,$100 - $124 K,823,147,730,274,159,7,771.91,110.27,1035.09,0.5728
Gilt,63999223,B-BUYER,F,35 - 44,$40 - $49 K,5245,1,5024,205,259,33,6735.96,232.27,11716.01,0.6349
Gilt,30886880,B-BUYER,F,25 - 34,$125+ K,3836,0,3823,57,269,44,7508.73,178.78,8844.97,0.5409
Gilt,42821119,B-BUYER,F,45 - 54,$75 - $99 K,5384,25,2860,325,65,7,704.38,100.63,1056.6,0.6
Gilt,92523939,B-BUYER,M,45 - 54,$100 - $124 K,24,11,21,21,3,1,19.99,19.99,13.01,0.3942
Gilt,46252858,B-BUYER,F,25 - 34,$40 - $49 K,5127,2,4789,332,456,36,2847.98,81.37,4148.4,0.5929
Gilt,36743282,B-BUYER,F,45 - 54,$125+ K,4114,11,4114,23,210,13,1368.93,124.45,2913.06,0.6803
Gilt,68333650,B-BUYER,F,75 +,$50 - $74 K,5245,84,4189,242,374,37,3626.78,116.99,3870.22,0.5162
Gilt,80389566,B-BUYER,F,45 - 54,$15 - $19 K,1119,1,1109,83,542,43,3354.53,98.66,8824.43,0.7246
Gilt,29246503,B-BUYER,F,65 - 74,$50 - $74 K,4275,12,4167,200,290,152,16296.19,123.46,23263.53,0.5881
Gilt,65116200,B-BUYER,F,65 - 74,$50 - $74 K,2767,24,822,211,69,3,364.98,121.66,874.62,0.7056
Gilt,90703654,B-BUYER,F,35 - 44,$125+ K,279,269,279,279,5,1,59.99,59.99,140.01,0.7001
Gilt,34236774,B-BUYER,M,55 - 64,$40 - $49 K,2876,229,321,321,5,1,58.99,58.99,156.01,0.7256
Gilt,74457798,B-BUYER,F,35 - 44,$75 - $99 K,1481,18,1062,108,449,9,1025.1,113.9,1520.65,0.5973
Gilt,85641167,B-BUYER,F,35 - 44,$50 - $74 K,750,354,358,358,9,1,109.99,109.99,785.01,0.8771
Gilt,65561049,B-BUYER,M,35 - 44,$125+ K,2986,258,282,282,4,1,279.99,279.99,1619.01,0.8526
Gilt,67893752,B-BIGSPENDER,F,75 +,$125+ K,5032,6,4801,16,992,178,45197.57,295.41,60456.83,0.5722
Gilt,58961191,B-BUYER,F,25 - 34,$125+ K,3902,64,3716,115,549,46,10070.41,223.79,11928,0.5422
Gilt,78893115,B-BIGSPENDER,F,75 +,$100 - $124 K,1242,14,1231,134,249,79,22318.01,371.97,44523.82,0.6661
Gilt,79724958,B-BUYER,F,55 - 64,$125+ K,1176,13,128,128,20,1,117,117,162,0.5806
Gilt,73849407,B-BUYER,F,75 +,$50 - $74 K,1525,155,294,155,15,3,240.99,80.33,487.01,0.669
Gilt,62106977,B-BUYER,F,55 - 64,$125+ K,5082,212,4982,212,149,20,1073.98,63.18,1132.02,0.5132
Gilt,90945185,B-BUYER,M,55 - 64,$50 - $74 K,237,12,236,236,11,1,85.98,85.98,145.01,0.6278
Gilt,70680548,B-BUYER,F,45 - 54,$15 - $19 K,1786,0,837,2,777,85,19071.45,235.45,16838,0.4689
Gilt,31064326,B-BUYER,M,25 - 34,$75 - $99 K,3586,54,3579,244,22,4,346.99,115.66,410.01,0.5416
Gilt,80138249,B-BUYER,F,35 - 44,$100 - $124 K,1140,313,1111,313,19,2,163.99,82,336.01,0.672
Gilt,40082558,B-BIGSPENDER,F,35 - 44,$50 - $74 K,3880,71,3860,336,546,122,47876.59,412.73,63058.22,0.5684
Gilt,82553885,B-BUYER,F,45 - 54,$125+ K,964,17,437,18,195,3,769.97,256.66,800.03,0.5096
Gilt,36907461,B-BARGAINSHOPPER,M,35 - 44,$125+ K,4605,1,4564,235,996,25,5435.72,217.43,20750.24,0.7924
Gilt,33483826,B-BUYER,F,45 - 54,$125+ K,5021,50,4979,121,172,4,434.99,145,419.01,0.4906
Gilt,37877758,B-BUYER,F,65 - 74,$125+ K,2976,23,1047,317,6,2,529.97,264.99,508.03,0.4894
Gilt,73977798,B-BUYER,F,55 - 64,$125+ K,1514,2,359,359,159,1,800,800,380,0.322
Gilt,79668878,B-BIGSPENDER,F,35 - 44,$40 - $49 K,1182,3,1182,128,151,12,3468.32,315.3,4312.67,0.5543
Gilt,39667216,B-BUYER,F,25 - 34,$100 - $124 K,3097,42,3086,155,553,25,1131.07,45.24,1881.93,0.6246
Gilt,76466698,B-BUYER,F,35 - 44,$125+ K,1382,2,1187,329,39,4,863.91,215.98,513.09,0.3726
Gilt,36769008,B-BUYER,M,45 - 54,$100 - $124 K,4070,297,619,302,12,2,568.99,284.5,476.01,0.4555
Gilt,71002568,B-BARGAINSHOPPER,F,65 - 74,$30 - $39 K,1759,36,1673,196,276,22,908.71,50.48,3210.31,0.7794
Gilt,90293604,B-BUYER,F,45 - 54,$20 - $29 K,339,339,339,339,1,1,26.99,26.99,81.01,0.7501
Gilt,41704071,B-BUYER,F,35 - 44,$75 - $99 K,5142,239,239,239,1,1,149.99,149.99,35.01,0.1892
Gilt,39710393,B-BIGSPENDER,F,25 - 34,$125+ K,3003,4,1214,202,288,8,2007.71,250.96,2809.62,0.5832
Gilt,85666289,B-BARGAINSHOPPER,F,55 - 64,$50 - $74 K,748,4,646,4,306,112,7025.82,88.93,55987.14,0.8885
Gilt,35615191,B-BUYER,M,55 - 64,$50 - $74 K,5489,109,5488,109,39,23,2883.99,125.39,3637.81,0.5578
Gilt,89291793,B-BUYER,M,45 - 54,$15 - $19 K,466,4,461,19,91,3,635.88,211.96,655.87,0.5077
Gilt,26543266,B-BIGSPENDER,F,35 - 44,$75 - $99 K,2810,2,2146,59,657,9,4342.93,482.55,3787.07,0.4658
Gilt,89715905,B-BUYER,F,35 - 44,$20 - $29 K,418,324,324,324,2,1,34,34,125.99,0.7875
Gilt,92505349,B-BUYER,F,75 +,$125+ K,27,25,27,27,2,1,29.99,29.99,45.01,0.6001